Technique,Assumption ID,Assumption Name,Weight Type,Value,Rationale
ContainerCgroupDoS,AUTH-1,Authentication for exposed container APIs is enforced,Exploitability,0,Authentication and access controls do not make resource consumption more difficult
ContainerCgroupDoS,AUTH-1,Authentication for exposed container APIs is enforced,Exposure,2,Authentication and access controls prevent unauthorized access to the privileged container in the host's cgroup
ContainerCgroupDoS,AUTH-2,Role-based access control is used for orchestration and container management,Exploitability,0,Authentication and access controls do not make resource consumption more difficult
ContainerCgroupDoS,AUTH-2,Role-based access control is used for orchestration and container management,Exposure,2,Authentication and access controls prevent unauthorized access to the privileged container in the host's cgroup
ContainerCgroupDoS,AUTH-3,"Access to container management interfaces (e.g., Docker socket) is restricted",Exploitability,0,Authentication and access controls do not make resource consumption more difficult
ContainerCgroupDoS,AUTH-3,"Access to container management interfaces (e.g., Docker socket) is restricted",Exposure,2,Authentication and access controls prevent unauthorized access to the privileged container in the host's cgroup
ContainerCgroupDoS,CIC-1,"The CI/CD pipeline for the app is secured (regarding code repositories, build environments, secrets, vulnerabilities, signing, auditing ...)",Exploitability,2,CI/CD and supply chain controls increase the trustworthiness of a container and security of the software footprint
ContainerCgroupDoS,CIC-1,"The CI/CD pipeline for the app is secured (regarding code repositories, build environments, secrets, vulnerabilities, signing, auditing ...)",Exposure,2,CI/CD and supply chain controls support detection of malicious containers and prevent the introduction of vulnerabilities by validating the software footprint
ContainerCgroupDoS,CIC-2,SBOMs are used for the app to track code dependencies,Exploitability,2,CI/CD and supply chain controls increase the trustworthiness of a container and security of the software footprint
ContainerCgroupDoS,CIC-2,SBOMs are used for the app to track code dependencies,Exposure,2,CI/CD and supply chain controls support detection of malicious containers and prevent the introduction of vulnerabilities by validating the software footprint
ContainerCgroupDoS,CIC-3,Code reviews and automated testing of the app are enforced,Exploitability,2,CI/CD and supply chain controls increase the trustworthiness of a container and security of the software footprint
ContainerCgroupDoS,CIC-3,Code reviews and automated testing of the app are enforced,Exposure,2,CI/CD and supply chain controls support detection of malicious containers and prevent the introduction of vulnerabilities by validating the software footprint
ContainerCgroupDoS,CIC-4,Third-party components used by the app are validated,Exploitability,2,CI/CD and supply chain controls increase the trustworthiness of a container and security of the software footprint
ContainerCgroupDoS,CIC-4,Third-party components used by the app are validated,Exposure,2,CI/CD and supply chain controls support detection of malicious containers and prevent the introduction of vulnerabilities by validating the software footprint
ContainerCgroupDoS,CIC-5,The CI/CD pipeline for the app enables reproducible builds,Exploitability,2,CI/CD and supply chain controls increase the trustworthiness of a container and security of the software footprint
ContainerCgroupDoS,CIC-5,The CI/CD pipeline for the app enables reproducible builds,Exposure,2,CI/CD and supply chain controls support detection of malicious containers and prevent the introduction of vulnerabilities by validating the software footprint
ContainerCgroupDoS,CIC-6,Apps for development and production are not deployed in the same environment,Exploitability,2,CI/CD and supply chain controls increase the trustworthiness of a container and security of the software footprint
ContainerCgroupDoS,CIC-6,Apps for development and production are not deployed in the same environment,Exposure,2,CI/CD and supply chain controls support detection of malicious containers and prevent the introduction of vulnerabilities by validating the software footprint
ContainerCgroupDoS,CRM-1,Regular risk assessments of apps and host devices are performed,Exploitability,1,Compliance and risk management practices support the assessment of how and what a container in the host's cgroup can do
ContainerCgroupDoS,CRM-1,Regular risk assessments of apps and host devices are performed,Exposure,1,Compliance and risk management practices support assessment of which components in the container's environment can exploit the resource allocation privilege
ContainerCgroupDoS,CRM-2,The operation's asset inventory is maintained,Exploitability,1,Compliance and risk management practices support the assessment of how and what a container in the host's cgroup can do
ContainerCgroupDoS,CRM-2,The operation's asset inventory is maintained,Exposure,1,Compliance and risk management practices support assessment of which components in the container's environment can exploit the resource allocation privilege
ContainerCgroupDoS,CRM-3,Container security policies along the app lifecycle are documented and enforced,Exploitability,1,Compliance and risk management practices support the assessment of how and what a container in the host's cgroup can do
ContainerCgroupDoS,CRM-3,Container security policies along the app lifecycle are documented and enforced,Exposure,1,Compliance and risk management practices support assessment of which components in the container's environment can exploit the resource allocation privilege
ContainerCgroupDoS,CRM-4,Periodic audits and reviews of apps and host devices are conducted,Exploitability,1,Compliance and risk management practices support the assessment of how and what a container in the host's cgroup can do
ContainerCgroupDoS,CRM-4,Periodic audits and reviews of apps and host devices are conducted,Exposure,1,Compliance and risk management practices support assessment of which components in the container's environment can exploit the resource allocation privilege
ContainerCgroupDoS,HIS-1,The container runtime on the host device is up to date,Exploitability,0,Host infrastructure security does not make the resource consumption attack more difficult
ContainerCgroupDoS,HIS-1,The container runtime on the host device is up to date,Exposure,1,An up-to-date container runtime supports management and allocation of host resources for containers
ContainerCgroupDoS,HIS-2,The host device is deployed as an immutable infrastructure (e.g. read-only file system),Exploitability,0,Host infrastructure security does not make the resource consumption attack more difficult
ContainerCgroupDoS,HIS-2,The host device is deployed as an immutable infrastructure (e.g. read-only file system),Exposure,2,An immutable host infrastructure reduces the attackers access to resources in the host's cgroup namespace
ContainerCgroupDoS,HIS-3,The host device is monitored for unauthorized changes,Exploitability,0,Host infrastructure security does not make the resource consumption attack more difficult
ContainerCgroupDoS,HIS-3,The host device is monitored for unauthorized changes,Exposure,3,Monitoring the resource allocation on the host system is essential to detect malicious activities by a container
ContainerCgroupDoS,IMG-1,App images are scanned for vulnerabilities,Exploitability,0,Container image security practices do not make resource consumption more difficult for an attacker
ContainerCgroupDoS,IMG-1,App images are scanned for vulnerabilities,Exposure,3,"Container image security practices reduce the software footprint, trustworthiness of the container, and make it more difficult to hijack computing resources, e.g. for cryptomining"
ContainerCgroupDoS,IMG-2,App uses minimal base images,Exploitability,0,Container image security practices do not make resource consumption more difficult for an attacker
ContainerCgroupDoS,IMG-2,App uses minimal base images,Exposure,3,"Container image security practices reduce the software footprint, trustworthiness of the container, and make it more difficult to hijack computing resources, e.g. for cryptomining"
ContainerCgroupDoS,IMG-3,App images are signed and verified,Exploitability,0,Container image security practices do not make resource consumption more difficult for an attacker
ContainerCgroupDoS,IMG-3,App images are signed and verified,Exposure,3,"Container image security practices reduce the software footprint, trustworthiness of the container, and make it more difficult to hijack computing resources, e.g. for cryptomining"
ContainerCgroupDoS,IMG-4,Dockerfiles of the app pin the base image version,Exploitability,0,Container image security practices do not make resource consumption more difficult for an attacker
ContainerCgroupDoS,IMG-4,Dockerfiles of the app pin the base image version,Exposure,3,"Container image security practices reduce the software footprint, trustworthiness of the container, and make it more difficult to hijack computing resources, e.g. for cryptomining"
ContainerCgroupDoS,IMG-5,App images are rebuilt and updated regularly,Exploitability,0,Container image security practices do not make resource consumption more difficult for an attacker
ContainerCgroupDoS,IMG-5,App images are rebuilt and updated regularly,Exposure,3,"Container image security practices reduce the software footprint, trustworthiness of the container, and make it more difficult to hijack computing resources, e.g. for cryptomining"
ContainerCgroupDoS,IMG-6,Device orchestration only uses trusted image registries,Exploitability,0,Container image security practices do not make resource consumption more difficult for an attacker
ContainerCgroupDoS,IMG-6,Device orchestration only uses trusted image registries,Exposure,3,"Container image security practices reduce the software footprint, trustworthiness of the container, and make it more difficult to hijack computing resources, e.g. for cryptomining"
ContainerCgroupDoS,MON-1,Container-level logging is enabled,Exploitability,0,Monitoring and detection does not make resource consumption more difficult
ContainerCgroupDoS,MON-1,Container-level logging is enabled,Exposure,3,Monitoring and detection controls enable early identification of unauthorized resource consumption by a container
ContainerCgroupDoS,MON-2,Processes on the host device are monitored for anomalous behavior,Exploitability,0,Monitoring and detection does not make resource consumption more difficult
ContainerCgroupDoS,MON-2,Processes on the host device are monitored for anomalous behavior,Exposure,3,Monitoring and detection controls enable early identification of unauthorized resource consumption by a container
ContainerCgroupDoS,MON-3,"Runtime security tools (e.g. Falco, Trivy) are used",Exploitability,0,Monitoring and detection does not make resource consumption more difficult
ContainerCgroupDoS,MON-3,"Runtime security tools (e.g. Falco, Trivy) are used",Exposure,3,Monitoring and detection controls enable early identification of unauthorized resource consumption by a container
ContainerCgroupDoS,MON-4,Incident response procedures are implemented,Exploitability,0,Monitoring and detection does not make resource consumption more difficult
ContainerCgroupDoS,MON-4,Incident response procedures are implemented,Exposure,3,Monitoring and detection controls enable early identification of unauthorized resource consumption by a container
ContainerCgroupDoS,MON-5,Logs are centralized and protected,Exploitability,0,Monitoring and detection does not make resource consumption more difficult
ContainerCgroupDoS,MON-5,Logs are centralized and protected,Exposure,3,Monitoring and detection controls enable early identification of unauthorized resource consumption by a container
ContainerCgroupDoS,MON-6,Decoy containers (honeypots) are deployed on the device to detect malicious activity,Exploitability,0,Monitoring and detection does not make resource consumption more difficult
ContainerCgroupDoS,MON-6,Decoy containers (honeypots) are deployed on the device to detect malicious activity,Exposure,3,Monitoring and detection controls enable early identification of unauthorized resource consumption by a container
ContainerCgroupDoS,MON-7,Container API calls and orchestration events are monitored for anomalies,Exploitability,0,Monitoring and detection does not make resource consumption more difficult
ContainerCgroupDoS,MON-7,Container API calls and orchestration events are monitored for anomalies,Exposure,3,Monitoring and detection controls enable early identification of unauthorized resource consumption by a container
ContainerCgroupDoS,MON-8,Alerts are triggered for unauthorized access attempts to container registries or APIs,Exploitability,0,Monitoring and detection does not make resource consumption more difficult
ContainerCgroupDoS,MON-8,Alerts are triggered for unauthorized access attempts to container registries or APIs,Exposure,3,Monitoring and detection controls enable early identification of unauthorized resource consumption by a container
ContainerCgroupDoS,NET-1,App container networks are segmented,Exploitability,0,Network security controls do not make resource consumption more difficult
ContainerCgroupDoS,NET-1,App container networks are segmented,Exposure,2,Network security controls limit access to the container in the host's cgroup and reduce the attack surface
ContainerCgroupDoS,NET-2,Host-level firewall rules and network policies are applied,Exploitability,0,Network security controls do not make resource consumption more difficult
ContainerCgroupDoS,NET-2,Host-level firewall rules and network policies are applied,Exposure,2,Network security controls limit access to the container in the host's cgroup and reduce the attack surface
ContainerCgroupDoS,NET-3,Inter-container communication is encrypted,Exploitability,0,Network security controls do not make resource consumption more difficult
ContainerCgroupDoS,NET-3,Inter-container communication is encrypted,Exposure,2,Network security controls limit access to the container in the host's cgroup and reduce the attack surface
ContainerCgroupDoS,NET-4,Ingress/egress controls for containers are implemented,Exploitability,0,Network security controls do not make resource consumption more difficult
ContainerCgroupDoS,NET-4,Ingress/egress controls for containers are implemented,Exposure,2,Network security controls limit access to the container in the host's cgroup and reduce the attack surface
ContainerCgroupDoS,RTS-1,App containers are run as non-root user,Exploitability,2,"A non-root user limits the capabilities of the container to execute malicious activities, e.g. scripts"
ContainerCgroupDoS,RTS-1,App containers are run as non-root user,Exposure,0,Runtime security controls do not reduce the attack surface for resource consumption or support detection of malicious activities
ContainerCgroupDoS,RTS-2,App containers use read-only file systems,Exploitability,1,A read-only filesystem makes creating and running malicious scripts for resource consumption more difficult
ContainerCgroupDoS,RTS-2,App containers use read-only file systems,Exposure,0,Runtime security controls do not reduce the attack surface for resource consumption or support detection of malicious activities
ContainerCgroupDoS,RTS-3,App containers are deployed with minimal Linux capabilities,Exploitability,1,Dropping unneccessary Linux capabilities makes it harder for attackers to consume resources with malicious scripts
ContainerCgroupDoS,RTS-3,App containers are deployed with minimal Linux capabilities,Exposure,0,Runtime security controls do not reduce the attack surface for resource consumption or support detection of malicious activities
ContainerCgroupDoS,RTS-4,Seccomp is implemented on the device,Exploitability,0,Runtime security controls do not make malicious resource consumption more difficult
ContainerCgroupDoS,RTS-4,Seccomp is implemented on the device,Exposure,0,Runtime security controls do not reduce the attack surface for resource consumption or support detection of malicious activities
ContainerCgroupDoS,RTS-5,AppArmor is implemented on the device,Exploitability,0,Runtime security controls do not make malicious resource consumption more difficult
ContainerCgroupDoS,RTS-5,AppArmor is implemented on the device,Exposure,0,Runtime security controls do not reduce the attack surface for resource consumption or support detection of malicious activities
ContainerCgroupDoS,RTS-6,SELinux is implemented on the device,Exploitability,0,Runtime security controls do not make malicious resource consumption more difficult
ContainerCgroupDoS,RTS-6,SELinux is implemented on the device,Exposure,0,Runtime security controls do not reduce the attack surface for resource consumption or support detection of malicious activities
ContainerCgroupDoS,RTS-7,App containers have minimal access to host resources,Exploitability,0,Runtime security controls do not make malicious resource consumption more difficult
ContainerCgroupDoS,RTS-7,App containers have minimal access to host resources,Exposure,0,Runtime security controls do not reduce the attack surface for resource consumption or support detection of malicious activities
ContainerCgroupDoS,SCM-1,Secure secrets management tools (e.g. vaults or secrets manager) are used,Exploitability,0,Secrets management does not prevent or make resource consumption more difficult
ContainerCgroupDoS,SCM-1,Secure secrets management tools (e.g. vaults or secrets manager) are used,Exposure,0,Secrets management does not reduce the attack surface required for the resource consumption attack
ContainerCgroupDoS,SCM-2,Apps do not contain any hardcoded secrets,Exploitability,0,Secrets management does not prevent or make resource consumption more difficult
ContainerCgroupDoS,SCM-2,Apps do not contain any hardcoded secrets,Exposure,0,Secrets management does not reduce the attack surface required for the resource consumption attack
ContainerCgroupDoS,SCM-3,Secrets at rest and in transit are encrypted,Exploitability,0,Secrets management does not prevent or make resource consumption more difficult
ContainerCgroupDoS,SCM-3,Secrets at rest and in transit are encrypted,Exposure,0,Secrets management does not reduce the attack surface required for the resource consumption attack
ContainerCgroupDoS,SCM-4,Automatic secret rotation and revocation policies are implemented,Exploitability,0,Secrets management does not prevent or make resource consumption more difficult
ContainerCgroupDoS,SCM-4,Automatic secret rotation and revocation policies are implemented,Exposure,0,Secrets management does not reduce the attack surface required for the resource consumption attack
ContainerCgroupResourceHijacking,AUTH-1,Authentication for exposed container APIs is enforced,Exploitability,0,Authentication and access controls do not make resource consumption more difficult
ContainerCgroupResourceHijacking,AUTH-1,Authentication for exposed container APIs is enforced,Exposure,2,Authentication and access controls prevent unauthorized access to the privileged container in the host's cgroup
ContainerCgroupResourceHijacking,AUTH-2,Role-based access control is used for orchestration and container management,Exploitability,0,Authentication and access controls do not make resource consumption more difficult
ContainerCgroupResourceHijacking,AUTH-2,Role-based access control is used for orchestration and container management,Exposure,2,Authentication and access controls prevent unauthorized access to the privileged container in the host's cgroup
ContainerCgroupResourceHijacking,AUTH-3,"Access to container management interfaces (e.g., Docker socket) is restricted",Exploitability,0,Authentication and access controls do not make resource consumption more difficult
ContainerCgroupResourceHijacking,AUTH-3,"Access to container management interfaces (e.g., Docker socket) is restricted",Exposure,2,Authentication and access controls prevent unauthorized access to the privileged container in the host's cgroup
ContainerCgroupResourceHijacking,CIC-1,"The CI/CD pipeline for the app is secured (regarding code repositories, build environments, secrets, vulnerabilities, signing, auditing ...)",Exploitability,2,CI/CD and supply chain controls increase the trustworthiness of a container and security of the software footprint
ContainerCgroupResourceHijacking,CIC-1,"The CI/CD pipeline for the app is secured (regarding code repositories, build environments, secrets, vulnerabilities, signing, auditing ...)",Exposure,2,CI/CD and supply chain controls support detection of malicious containers and prevent the introduction of vulnerabilities by validating the software footprint
ContainerCgroupResourceHijacking,CIC-2,SBOMs are used for the app to track code dependencies,Exploitability,2,CI/CD and supply chain controls increase the trustworthiness of a container and security of the software footprint
ContainerCgroupResourceHijacking,CIC-2,SBOMs are used for the app to track code dependencies,Exposure,2,CI/CD and supply chain controls support detection of malicious containers and prevent the introduction of vulnerabilities by validating the software footprint
ContainerCgroupResourceHijacking,CIC-3,Code reviews and automated testing of the app are enforced,Exploitability,2,CI/CD and supply chain controls increase the trustworthiness of a container and security of the software footprint
ContainerCgroupResourceHijacking,CIC-3,Code reviews and automated testing of the app are enforced,Exposure,2,CI/CD and supply chain controls support detection of malicious containers and prevent the introduction of vulnerabilities by validating the software footprint
ContainerCgroupResourceHijacking,CIC-4,Third-party components used by the app are validated,Exploitability,2,CI/CD and supply chain controls increase the trustworthiness of a container and security of the software footprint
ContainerCgroupResourceHijacking,CIC-4,Third-party components used by the app are validated,Exposure,2,CI/CD and supply chain controls support detection of malicious containers and prevent the introduction of vulnerabilities by validating the software footprint
ContainerCgroupResourceHijacking,CIC-5,The CI/CD pipeline for the app enables reproducible builds,Exploitability,2,CI/CD and supply chain controls increase the trustworthiness of a container and security of the software footprint
ContainerCgroupResourceHijacking,CIC-5,The CI/CD pipeline for the app enables reproducible builds,Exposure,2,CI/CD and supply chain controls support detection of malicious containers and prevent the introduction of vulnerabilities by validating the software footprint
ContainerCgroupResourceHijacking,CIC-6,Apps for development and production are not deployed in the same environment,Exploitability,2,CI/CD and supply chain controls increase the trustworthiness of a container and security of the software footprint
ContainerCgroupResourceHijacking,CIC-6,Apps for development and production are not deployed in the same environment,Exposure,2,CI/CD and supply chain controls support detection of malicious containers and prevent the introduction of vulnerabilities by validating the software footprint
ContainerCgroupResourceHijacking,CRM-1,Regular risk assessments of apps and host devices are performed,Exploitability,1,Compliance and risk management practices support the assessment of how and what a container in the host's cgroup can do
ContainerCgroupResourceHijacking,CRM-1,Regular risk assessments of apps and host devices are performed,Exposure,1,Compliance and risk management practices support assessment of which components in the container's environment can exploit the resource allocation privilege
ContainerCgroupResourceHijacking,CRM-2,The operation's asset inventory is maintained,Exploitability,1,Compliance and risk management practices support the assessment of how and what a container in the host's cgroup can do
ContainerCgroupResourceHijacking,CRM-2,The operation's asset inventory is maintained,Exposure,1,Compliance and risk management practices support assessment of which components in the container's environment can exploit the resource allocation privilege
ContainerCgroupResourceHijacking,CRM-3,Container security policies along the app lifecycle are documented and enforced,Exploitability,1,Compliance and risk management practices support the assessment of how and what a container in the host's cgroup can do
ContainerCgroupResourceHijacking,CRM-3,Container security policies along the app lifecycle are documented and enforced,Exposure,1,Compliance and risk management practices support assessment of which components in the container's environment can exploit the resource allocation privilege
ContainerCgroupResourceHijacking,CRM-4,Periodic audits and reviews of apps and host devices are conducted,Exploitability,1,Compliance and risk management practices support the assessment of how and what a container in the host's cgroup can do
ContainerCgroupResourceHijacking,CRM-4,Periodic audits and reviews of apps and host devices are conducted,Exposure,1,Compliance and risk management practices support assessment of which components in the container's environment can exploit the resource allocation privilege
ContainerCgroupResourceHijacking,HIS-1,The container runtime on the host device is up to date,Exploitability,0,Host infrastructure security does not make the resource consumption attack more difficult
ContainerCgroupResourceHijacking,HIS-1,The container runtime on the host device is up to date,Exposure,1,An up-to-date container runtime supports management and allocation of host resources for containers
ContainerCgroupResourceHijacking,HIS-2,The host device is deployed as an immutable infrastructure (e.g. read-only file system),Exploitability,0,Host infrastructure security does not make the resource consumption attack more difficult
ContainerCgroupResourceHijacking,HIS-2,The host device is deployed as an immutable infrastructure (e.g. read-only file system),Exposure,2,An immutable host infrastructure reduces the attackers access to resources in the host's cgroup namespace
ContainerCgroupResourceHijacking,HIS-3,The host device is monitored for unauthorized changes,Exploitability,0,Host infrastructure security does not make the resource consumption attack more difficult
ContainerCgroupResourceHijacking,HIS-3,The host device is monitored for unauthorized changes,Exposure,3,Monitoring the resource allocation on the host system is essential to detect malicious activities by a container
ContainerCgroupResourceHijacking,IMG-1,App images are scanned for vulnerabilities,Exploitability,0,Container image security practices do not make resource consumption more difficult for an attacker
ContainerCgroupResourceHijacking,IMG-1,App images are scanned for vulnerabilities,Exposure,3,"Container image security practices reduce the software footprint, trustworthiness of the container, and make it more difficult to hijack computing resources, e.g. for cryptomining"
ContainerCgroupResourceHijacking,IMG-2,App uses minimal base images,Exploitability,0,Container image security practices do not make resource consumption more difficult for an attacker
ContainerCgroupResourceHijacking,IMG-2,App uses minimal base images,Exposure,3,"Container image security practices reduce the software footprint, trustworthiness of the container, and make it more difficult to hijack computing resources, e.g. for cryptomining"
ContainerCgroupResourceHijacking,IMG-3,App images are signed and verified,Exploitability,0,Container image security practices do not make resource consumption more difficult for an attacker
ContainerCgroupResourceHijacking,IMG-3,App images are signed and verified,Exposure,3,"Container image security practices reduce the software footprint, trustworthiness of the container, and make it more difficult to hijack computing resources, e.g. for cryptomining"
ContainerCgroupResourceHijacking,IMG-4,Dockerfiles of the app pin the base image version,Exploitability,0,Container image security practices do not make resource consumption more difficult for an attacker
ContainerCgroupResourceHijacking,IMG-4,Dockerfiles of the app pin the base image version,Exposure,3,"Container image security practices reduce the software footprint, trustworthiness of the container, and make it more difficult to hijack computing resources, e.g. for cryptomining"
ContainerCgroupResourceHijacking,IMG-5,App images are rebuilt and updated regularly,Exploitability,0,Container image security practices do not make resource consumption more difficult for an attacker
ContainerCgroupResourceHijacking,IMG-5,App images are rebuilt and updated regularly,Exposure,3,"Container image security practices reduce the software footprint, trustworthiness of the container, and make it more difficult to hijack computing resources, e.g. for cryptomining"
ContainerCgroupResourceHijacking,IMG-6,Device orchestration only uses trusted image registries,Exploitability,0,Container image security practices do not make resource consumption more difficult for an attacker
ContainerCgroupResourceHijacking,IMG-6,Device orchestration only uses trusted image registries,Exposure,3,"Container image security practices reduce the software footprint, trustworthiness of the container, and make it more difficult to hijack computing resources, e.g. for cryptomining"
ContainerCgroupResourceHijacking,MON-1,Container-level logging is enabled,Exploitability,0,Monitoring and detection does not make resource consumption more difficult
ContainerCgroupResourceHijacking,MON-1,Container-level logging is enabled,Exposure,3,Monitoring and detection controls enable early identification of unauthorized resource consumption by a container
ContainerCgroupResourceHijacking,MON-2,Processes on the host device are monitored for anomalous behavior,Exploitability,0,Monitoring and detection does not make resource consumption more difficult
ContainerCgroupResourceHijacking,MON-2,Processes on the host device are monitored for anomalous behavior,Exposure,3,Monitoring and detection controls enable early identification of unauthorized resource consumption by a container
ContainerCgroupResourceHijacking,MON-3,"Runtime security tools (e.g. Falco, Trivy) are used",Exploitability,0,Monitoring and detection does not make resource consumption more difficult
ContainerCgroupResourceHijacking,MON-3,"Runtime security tools (e.g. Falco, Trivy) are used",Exposure,3,Monitoring and detection controls enable early identification of unauthorized resource consumption by a container
ContainerCgroupResourceHijacking,MON-4,Incident response procedures are implemented,Exploitability,0,Monitoring and detection does not make resource consumption more difficult
ContainerCgroupResourceHijacking,MON-4,Incident response procedures are implemented,Exposure,3,Monitoring and detection controls enable early identification of unauthorized resource consumption by a container
ContainerCgroupResourceHijacking,MON-5,Logs are centralized and protected,Exploitability,0,Monitoring and detection does not make resource consumption more difficult
ContainerCgroupResourceHijacking,MON-5,Logs are centralized and protected,Exposure,3,Monitoring and detection controls enable early identification of unauthorized resource consumption by a container
ContainerCgroupResourceHijacking,MON-6,Decoy containers (honeypots) are deployed on the device to detect malicious activity,Exploitability,0,Monitoring and detection does not make resource consumption more difficult
ContainerCgroupResourceHijacking,MON-6,Decoy containers (honeypots) are deployed on the device to detect malicious activity,Exposure,3,Monitoring and detection controls enable early identification of unauthorized resource consumption by a container
ContainerCgroupResourceHijacking,MON-7,Container API calls and orchestration events are monitored for anomalies,Exploitability,0,Monitoring and detection does not make resource consumption more difficult
ContainerCgroupResourceHijacking,MON-7,Container API calls and orchestration events are monitored for anomalies,Exposure,3,Monitoring and detection controls enable early identification of unauthorized resource consumption by a container
ContainerCgroupResourceHijacking,MON-8,Alerts are triggered for unauthorized access attempts to container registries or APIs,Exploitability,0,Monitoring and detection does not make resource consumption more difficult
ContainerCgroupResourceHijacking,MON-8,Alerts are triggered for unauthorized access attempts to container registries or APIs,Exposure,3,Monitoring and detection controls enable early identification of unauthorized resource consumption by a container
ContainerCgroupResourceHijacking,NET-1,App container networks are segmented,Exploitability,0,Network security controls do not make resource consumption more difficult
ContainerCgroupResourceHijacking,NET-1,App container networks are segmented,Exposure,2,Network security controls limit access to the container in the host's cgroup and reduce the attack surface
ContainerCgroupResourceHijacking,NET-2,Host-level firewall rules and network policies are applied,Exploitability,0,Network security controls do not make resource consumption more difficult
ContainerCgroupResourceHijacking,NET-2,Host-level firewall rules and network policies are applied,Exposure,2,Network security controls limit access to the container in the host's cgroup and reduce the attack surface
ContainerCgroupResourceHijacking,NET-3,Inter-container communication is encrypted,Exploitability,0,Network security controls do not make resource consumption more difficult
ContainerCgroupResourceHijacking,NET-3,Inter-container communication is encrypted,Exposure,2,Network security controls limit access to the container in the host's cgroup and reduce the attack surface
ContainerCgroupResourceHijacking,NET-4,Ingress/egress controls for containers are implemented,Exploitability,0,Network security controls do not make resource consumption more difficult
ContainerCgroupResourceHijacking,NET-4,Ingress/egress controls for containers are implemented,Exposure,2,Network security controls limit access to the container in the host's cgroup and reduce the attack surface
ContainerCgroupResourceHijacking,RTS-1,App containers are run as non-root user,Exploitability,2,"A non-root user limits the capabilities of the container to execute malicious activities, e.g. scripts"
ContainerCgroupResourceHijacking,RTS-1,App containers are run as non-root user,Exposure,0,Runtime security controls do not reduce the attack surface for resource consumption or support detection of malicious activities
ContainerCgroupResourceHijacking,RTS-2,App containers use read-only file systems,Exploitability,1,A read-only filesystem makes creating and running malicious scripts for resource consumption more difficult
ContainerCgroupResourceHijacking,RTS-2,App containers use read-only file systems,Exposure,0,Runtime security controls do not reduce the attack surface for resource consumption or support detection of malicious activities
ContainerCgroupResourceHijacking,RTS-3,App containers are deployed with minimal Linux capabilities,Exploitability,1,Dropping unneccessary Linux capabilities makes it harder for attackers to consume resources with malicious scripts
ContainerCgroupResourceHijacking,RTS-3,App containers are deployed with minimal Linux capabilities,Exposure,0,Runtime security controls do not reduce the attack surface for resource consumption or support detection of malicious activities
ContainerCgroupResourceHijacking,RTS-4,Seccomp is implemented on the device,Exploitability,0,Runtime security controls do not make malicious resource consumption more difficult
ContainerCgroupResourceHijacking,RTS-4,Seccomp is implemented on the device,Exposure,0,Runtime security controls do not reduce the attack surface for resource consumption or support detection of malicious activities
ContainerCgroupResourceHijacking,RTS-5,AppArmor is implemented on the device,Exploitability,0,Runtime security controls do not make malicious resource consumption more difficult
ContainerCgroupResourceHijacking,RTS-5,AppArmor is implemented on the device,Exposure,0,Runtime security controls do not reduce the attack surface for resource consumption or support detection of malicious activities
ContainerCgroupResourceHijacking,RTS-6,SELinux is implemented on the device,Exploitability,0,Runtime security controls do not make malicious resource consumption more difficult
ContainerCgroupResourceHijacking,RTS-6,SELinux is implemented on the device,Exposure,0,Runtime security controls do not reduce the attack surface for resource consumption or support detection of malicious activities
ContainerCgroupResourceHijacking,RTS-7,App containers have minimal access to host resources,Exploitability,0,Runtime security controls do not make malicious resource consumption more difficult
ContainerCgroupResourceHijacking,RTS-7,App containers have minimal access to host resources,Exposure,0,Runtime security controls do not reduce the attack surface for resource consumption or support detection of malicious activities
ContainerCgroupResourceHijacking,SCM-1,Secure secrets management tools (e.g. vaults or secrets manager) are used,Exploitability,0,Secrets management does not prevent or make resource consumption more difficult
ContainerCgroupResourceHijacking,SCM-1,Secure secrets management tools (e.g. vaults or secrets manager) are used,Exposure,0,Secrets management does not reduce the attack surface required for the resource consumption attack
ContainerCgroupResourceHijacking,SCM-2,Apps do not contain any hardcoded secrets,Exploitability,0,Secrets management does not prevent or make resource consumption more difficult
ContainerCgroupResourceHijacking,SCM-2,Apps do not contain any hardcoded secrets,Exposure,0,Secrets management does not reduce the attack surface required for the resource consumption attack
ContainerCgroupResourceHijacking,SCM-3,Secrets at rest and in transit are encrypted,Exploitability,0,Secrets management does not prevent or make resource consumption more difficult
ContainerCgroupResourceHijacking,SCM-3,Secrets at rest and in transit are encrypted,Exposure,0,Secrets management does not reduce the attack surface required for the resource consumption attack
ContainerCgroupResourceHijacking,SCM-4,Automatic secret rotation and revocation policies are implemented,Exploitability,0,Secrets management does not prevent or make resource consumption more difficult
ContainerCgroupResourceHijacking,SCM-4,Automatic secret rotation and revocation policies are implemented,Exposure,0,Secrets management does not reduce the attack surface required for the resource consumption attack
ContainerDataFromLocalSystem,AUTH-1,Authentication for exposed container APIs is enforced,Exploitability,0,Authentication and access controls do not prevent a privileged container from reading files
ContainerDataFromLocalSystem,AUTH-1,Authentication for exposed container APIs is enforced,Exposure,3,Authentication and access controls prevent unauthorized access to privileged containers
ContainerDataFromLocalSystem,AUTH-2,Role-based access control is used for orchestration and container management,Exploitability,0,Authentication and access controls do not prevent a privileged container from reading files
ContainerDataFromLocalSystem,AUTH-2,Role-based access control is used for orchestration and container management,Exposure,3,Authentication and access controls prevent unauthorized access to privileged containers
ContainerDataFromLocalSystem,AUTH-3,"Access to container management interfaces (e.g., Docker socket) is restricted",Exploitability,2,Restricting access to the Docker socket prevents exposure of confidential container information
ContainerDataFromLocalSystem,AUTH-3,"Access to container management interfaces (e.g., Docker socket) is restricted",Exposure,3,Authentication and access controls prevent unauthorized access to privileged containers
ContainerDataFromLocalSystem,CIC-1,"The CI/CD pipeline for the app is secured (regarding code repositories, build environments, secrets, vulnerabilities, signing, auditing ...)",Exploitability,1,"Securing the build pipeline can remove the need for confidential files (e.g., secrets) in the production environment"
ContainerDataFromLocalSystem,CIC-1,"The CI/CD pipeline for the app is secured (regarding code repositories, build environments, secrets, vulnerabilities, signing, auditing ...)",Exposure,1,"Securing the build pipeline can remove the need for confidential files (e.g., secrets) in the production environment"
ContainerDataFromLocalSystem,CIC-2,SBOMs are used for the app to track code dependencies,Exploitability,0,CI/CD and supply chain practices do not make reading confidential files more difficult
ContainerDataFromLocalSystem,CIC-2,SBOMs are used for the app to track code dependencies,Exposure,0,CI/CD and supply chain practices do not restrict the access to confidential files
ContainerDataFromLocalSystem,CIC-3,Code reviews and automated testing of the app are enforced,Exploitability,0,CI/CD and supply chain practices do not make reading confidential files more difficult
ContainerDataFromLocalSystem,CIC-3,Code reviews and automated testing of the app are enforced,Exposure,0,CI/CD and supply chain practices do not restrict the access to confidential files
ContainerDataFromLocalSystem,CIC-4,Third-party components used by the app are validated,Exploitability,0,CI/CD and supply chain practices do not make reading confidential files more difficult
ContainerDataFromLocalSystem,CIC-4,Third-party components used by the app are validated,Exposure,0,CI/CD and supply chain practices do not restrict the access to confidential files
ContainerDataFromLocalSystem,CIC-5,The CI/CD pipeline for the app enables reproducible builds,Exploitability,0,CI/CD and supply chain practices do not make reading confidential files more difficult
ContainerDataFromLocalSystem,CIC-5,The CI/CD pipeline for the app enables reproducible builds,Exposure,0,CI/CD and supply chain practices do not restrict the access to confidential files
ContainerDataFromLocalSystem,CIC-6,Apps for development and production are not deployed in the same environment,Exploitability,1,"Separating development and production (e.g., different environment configuration files) counter attacks that target to expose these secrets"
ContainerDataFromLocalSystem,CIC-6,Apps for development and production are not deployed in the same environment,Exposure,1,Separating development and production reduces the amount of files that can be exposed to an attacker
ContainerDataFromLocalSystem,CRM-1,Regular risk assessments of apps and host devices are performed,Exploitability,0,Compliance and risk management does not make reading confidential files more difficult
ContainerDataFromLocalSystem,CRM-1,Regular risk assessments of apps and host devices are performed,Exposure,2,Compliance and risk management practices help assessing which files are exposed to privileged containers
ContainerDataFromLocalSystem,CRM-2,The operation's asset inventory is maintained,Exploitability,0,Compliance and risk management does not make reading confidential files more difficult
ContainerDataFromLocalSystem,CRM-2,The operation's asset inventory is maintained,Exposure,2,Compliance and risk management practices help assessing which files are exposed to privileged containers
ContainerDataFromLocalSystem,CRM-3,Container security policies along the app lifecycle are documented and enforced,Exploitability,0,Compliance and risk management does not make reading confidential files more difficult
ContainerDataFromLocalSystem,CRM-3,Container security policies along the app lifecycle are documented and enforced,Exposure,2,Compliance and risk management practices help assessing which files are exposed to privileged containers
ContainerDataFromLocalSystem,CRM-4,Periodic audits and reviews of apps and host devices are conducted,Exploitability,0,Compliance and risk management does not make reading confidential files more difficult
ContainerDataFromLocalSystem,CRM-4,Periodic audits and reviews of apps and host devices are conducted,Exposure,2,Compliance and risk management practices help assessing which files are exposed to privileged containers
ContainerDataFromLocalSystem,HIS-1,The container runtime on the host device is up to date,Exploitability,0,Host infrastructure security does not directly increase the effort to read confidential files
ContainerDataFromLocalSystem,HIS-1,The container runtime on the host device is up to date,Exposure,0,Host infrastructure security does not restrict the access to confidential data
ContainerDataFromLocalSystem,HIS-2,The host device is deployed as an immutable infrastructure (e.g. read-only file system),Exploitability,0,Host infrastructure security does not directly increase the effort to read confidential files
ContainerDataFromLocalSystem,HIS-2,The host device is deployed as an immutable infrastructure (e.g. read-only file system),Exposure,0,Host infrastructure security does not restrict the access to confidential data
ContainerDataFromLocalSystem,HIS-3,The host device is monitored for unauthorized changes,Exploitability,0,Host infrastructure security does not directly increase the effort to read confidential files
ContainerDataFromLocalSystem,HIS-3,The host device is monitored for unauthorized changes,Exposure,2,Monitoring confidential files on the host system can expose unauthorized read access
ContainerDataFromLocalSystem,IMG-1,App images are scanned for vulnerabilities,Exploitability,0,"Container image security practices reduce the software footprint, but do not make reading confidential files more difficult"
ContainerDataFromLocalSystem,IMG-1,App images are scanned for vulnerabilities,Exposure,0,"Once the container is compromised, container image security practices do not increase the risk of getting caught"
ContainerDataFromLocalSystem,IMG-2,App uses minimal base images,Exploitability,0,"Container image security practices reduce the software footprint, but do not make reading confidential files more difficult"
ContainerDataFromLocalSystem,IMG-2,App uses minimal base images,Exposure,0,"Once the container is compromised, container image security practices do not increase the risk of getting caught"
ContainerDataFromLocalSystem,IMG-3,App images are signed and verified,Exploitability,0,"Container image security practices reduce the software footprint, but do not make reading confidential files more difficult"
ContainerDataFromLocalSystem,IMG-3,App images are signed and verified,Exposure,0,"Once the container is compromised, container image security practices do not increase the risk of getting caught"
ContainerDataFromLocalSystem,IMG-4,Dockerfiles of the app pin the base image version,Exploitability,0,"Container image security practices reduce the software footprint, but do not make reading confidential files more difficult"
ContainerDataFromLocalSystem,IMG-4,Dockerfiles of the app pin the base image version,Exposure,0,"Once the container is compromised, container image security practices do not increase the risk of getting caught"
ContainerDataFromLocalSystem,IMG-5,App images are rebuilt and updated regularly,Exploitability,0,"Container image security practices reduce the software footprint, but do not make reading confidential files more difficult"
ContainerDataFromLocalSystem,IMG-5,App images are rebuilt and updated regularly,Exposure,0,"Once the container is compromised, container image security practices do not increase the risk of getting caught"
ContainerDataFromLocalSystem,IMG-6,Device orchestration only uses trusted image registries,Exploitability,0,"Container image security practices reduce the software footprint, but do not make reading confidential files more difficult"
ContainerDataFromLocalSystem,IMG-6,Device orchestration only uses trusted image registries,Exposure,0,"Once the container is compromised, container image security practices do not increase the risk of getting caught"
ContainerDataFromLocalSystem,MON-1,Container-level logging is enabled,Exploitability,0,Monitoring and detection tools do not make reading confidential files more difficult
ContainerDataFromLocalSystem,MON-1,Container-level logging is enabled,Exposure,2,"Monitoring and detection controls can identify exposure of confidential data, but require efforts to spot these subtle attacks"
ContainerDataFromLocalSystem,MON-2,Processes on the host device are monitored for anomalous behavior,Exploitability,0,Monitoring and detection tools do not make reading confidential files more difficult
ContainerDataFromLocalSystem,MON-2,Processes on the host device are monitored for anomalous behavior,Exposure,2,"Monitoring and detection controls can identify exposure of confidential data, but require efforts to spot these subtle attacks"
ContainerDataFromLocalSystem,MON-3,"Runtime security tools (e.g. Falco, Trivy) are used",Exploitability,0,Monitoring and detection tools do not make reading confidential files more difficult
ContainerDataFromLocalSystem,MON-3,"Runtime security tools (e.g. Falco, Trivy) are used",Exposure,2,"Monitoring and detection controls can identify exposure of confidential data, but require efforts to spot these subtle attacks"
ContainerDataFromLocalSystem,MON-4,Incident response procedures are implemented,Exploitability,0,Monitoring and detection tools do not make reading confidential files more difficult
ContainerDataFromLocalSystem,MON-4,Incident response procedures are implemented,Exposure,2,"Monitoring and detection controls can identify exposure of confidential data, but require efforts to spot these subtle attacks"
ContainerDataFromLocalSystem,MON-5,Logs are centralized and protected,Exploitability,0,Monitoring and detection tools do not make reading confidential files more difficult
ContainerDataFromLocalSystem,MON-5,Logs are centralized and protected,Exposure,2,"Monitoring and detection controls can identify exposure of confidential data, but require efforts to spot these subtle attacks"
ContainerDataFromLocalSystem,MON-6,Decoy containers (honeypots) are deployed on the device to detect malicious activity,Exploitability,0,Monitoring and detection tools do not make reading confidential files more difficult
ContainerDataFromLocalSystem,MON-6,Decoy containers (honeypots) are deployed on the device to detect malicious activity,Exposure,2,"Monitoring and detection controls can identify exposure of confidential data, but require efforts to spot these subtle attacks"
ContainerDataFromLocalSystem,MON-7,Container API calls and orchestration events are monitored for anomalies,Exploitability,0,Monitoring and detection tools do not make reading confidential files more difficult
ContainerDataFromLocalSystem,MON-7,Container API calls and orchestration events are monitored for anomalies,Exposure,2,"Monitoring and detection controls can identify exposure of confidential data, but require efforts to spot these subtle attacks"
ContainerDataFromLocalSystem,MON-8,Alerts are triggered for unauthorized access attempts to container registries or APIs,Exploitability,0,Monitoring and detection tools do not make reading confidential files more difficult
ContainerDataFromLocalSystem,MON-8,Alerts are triggered for unauthorized access attempts to container registries or APIs,Exposure,2,"Monitoring and detection controls can identify exposure of confidential data, but require efforts to spot these subtle attacks"
ContainerDataFromLocalSystem,NET-1,App container networks are segmented,Exploitability,0,Network security controls do not prevent an attacker from reading confidential files
ContainerDataFromLocalSystem,NET-1,App container networks are segmented,Exposure,2,Network security controls restrict access to the privileged container
ContainerDataFromLocalSystem,NET-2,Host-level firewall rules and network policies are applied,Exploitability,0,Network security controls do not prevent an attacker from reading confidential files
ContainerDataFromLocalSystem,NET-2,Host-level firewall rules and network policies are applied,Exposure,2,Network security controls restrict access to the privileged container
ContainerDataFromLocalSystem,NET-3,Inter-container communication is encrypted,Exploitability,0,Network security controls do not prevent an attacker from reading confidential files
ContainerDataFromLocalSystem,NET-3,Inter-container communication is encrypted,Exposure,2,Network security controls restrict access to the privileged container
ContainerDataFromLocalSystem,NET-4,Ingress/egress controls for containers are implemented,Exploitability,0,Network security controls do not prevent an attacker from reading confidential files
ContainerDataFromLocalSystem,NET-4,Ingress/egress controls for containers are implemented,Exposure,2,Network security controls restrict access to the privileged container
ContainerDataFromLocalSystem,RTS-1,App containers are run as non-root user,Exploitability,3,Runtime security controls greatly limit what the container sees and is able to access
ContainerDataFromLocalSystem,RTS-1,App containers are run as non-root user,Exposure,3,Runtime security controls restrict general access to host resources
ContainerDataFromLocalSystem,RTS-2,App containers use read-only file systems,Exploitability,0,Implementing a read-only file system still allows attackers to read confidential files
ContainerDataFromLocalSystem,RTS-2,App containers use read-only file systems,Exposure,0,Implementing a read-only file system still grants attackers access to confidential files
ContainerDataFromLocalSystem,RTS-3,App containers are deployed with minimal Linux capabilities,Exploitability,2,"If capabilities are dropped, access to host resources is limited, but reading files is still possible"
ContainerDataFromLocalSystem,RTS-3,App containers are deployed with minimal Linux capabilities,Exposure,2,"If capabilities are dropped, access to host resources is restricted, but reading files is still possible"
ContainerDataFromLocalSystem,RTS-4,Seccomp is implemented on the device,Exploitability,3,Runtime security controls greatly limit what the container sees and is able to access
ContainerDataFromLocalSystem,RTS-4,Seccomp is implemented on the device,Exposure,3,Runtime security controls restrict general access to host resources
ContainerDataFromLocalSystem,RTS-5,AppArmor is implemented on the device,Exploitability,3,Runtime security controls greatly limit what the container sees and is able to access
ContainerDataFromLocalSystem,RTS-5,AppArmor is implemented on the device,Exposure,3,Runtime security controls restrict general access to host resources
ContainerDataFromLocalSystem,RTS-6,SELinux is implemented on the device,Exploitability,3,Runtime security controls greatly limit what the container sees and is able to access
ContainerDataFromLocalSystem,RTS-6,SELinux is implemented on the device,Exposure,3,Runtime security controls restrict general access to host resources
ContainerDataFromLocalSystem,RTS-7,App containers have minimal access to host resources,Exploitability,3,Runtime security controls greatly limit what the container sees and is able to access
ContainerDataFromLocalSystem,RTS-7,App containers have minimal access to host resources,Exposure,3,Runtime security controls restrict general access to host resources
ContainerDataFromLocalSystem,SCM-1,Secure secrets management tools (e.g. vaults or secrets manager) are used,Exploitability,3,"Secrets management controls restrict access to confidential data, especially when access to privileged directories is granted"
ContainerDataFromLocalSystem,SCM-1,Secure secrets management tools (e.g. vaults or secrets manager) are used,Exposure,2,Secrets management controls protect sensitive credentials from exposure
ContainerDataFromLocalSystem,SCM-2,Apps do not contain any hardcoded secrets,Exploitability,3,"Secrets management controls restrict access to confidential data, especially when access to privileged directories is granted"
ContainerDataFromLocalSystem,SCM-2,Apps do not contain any hardcoded secrets,Exposure,2,Secrets management controls protect sensitive credentials from exposure
ContainerDataFromLocalSystem,SCM-3,Secrets at rest and in transit are encrypted,Exploitability,3,"Secrets management controls restrict access to confidential data, especially when access to privileged directories is granted"
ContainerDataFromLocalSystem,SCM-3,Secrets at rest and in transit are encrypted,Exposure,2,Secrets management controls protect sensitive credentials from exposure
ContainerDataFromLocalSystem,SCM-4,Automatic secret rotation and revocation policies are implemented,Exploitability,3,"Secrets management controls restrict access to confidential data, especially when access to privileged directories is granted"
ContainerDataFromLocalSystem,SCM-4,Automatic secret rotation and revocation policies are implemented,Exposure,2,Secrets management controls protect sensitive credentials from exposure
ContainerExploitPublicFacingApp,AUTH-1,Authentication for exposed container APIs is enforced,Exploitability,3,Authentication and access controls prevent unauthorized access to container infrastructure
ContainerExploitPublicFacingApp,AUTH-1,Authentication for exposed container APIs is enforced,Exposure,2,Authentication and access controls introduce additional security layers between attackers and containers
ContainerExploitPublicFacingApp,AUTH-2,Role-based access control is used for orchestration and container management,Exploitability,3,Authentication and access controls prevent unauthorized access to container infrastructure
ContainerExploitPublicFacingApp,AUTH-2,Role-based access control is used for orchestration and container management,Exposure,2,Authentication and access controls introduce additional security layers between attackers and containers
ContainerExploitPublicFacingApp,AUTH-3,"Access to container management interfaces (e.g., Docker socket) is restricted",Exploitability,3,Authentication and access controls prevent unauthorized access to container infrastructure
ContainerExploitPublicFacingApp,AUTH-3,"Access to container management interfaces (e.g., Docker socket) is restricted",Exposure,2,Authentication and access controls introduce additional security layers between attackers and containers
ContainerExploitPublicFacingApp,CIC-1,"The CI/CD pipeline for the app is secured (regarding code repositories, build environments, secrets, vulnerabilities, signing, auditing ...)",Exploitability,1,"CI/CD and supply chain controls prevent introduction of vulnerabilities during development, but do not focus the prevention of initial access"
ContainerExploitPublicFacingApp,CIC-1,"The CI/CD pipeline for the app is secured (regarding code repositories, build environments, secrets, vulnerabilities, signing, auditing ...)",Exposure,1,"CI/CD and supply chain controls prevent introduction of vulnerabilities during development, but do not reduce the attack surface of an exposed container"
ContainerExploitPublicFacingApp,CIC-2,SBOMs are used for the app to track code dependencies,Exploitability,1,"CI/CD and supply chain controls prevent introduction of vulnerabilities during development, but do not focus the prevention of initial access"
ContainerExploitPublicFacingApp,CIC-2,SBOMs are used for the app to track code dependencies,Exposure,1,"CI/CD and supply chain controls prevent introduction of vulnerabilities during development, but do not reduce the attack surface of an exposed container"
ContainerExploitPublicFacingApp,CIC-3,Code reviews and automated testing of the app are enforced,Exploitability,1,"CI/CD and supply chain controls prevent introduction of vulnerabilities during development, but do not focus the prevention of initial access"
ContainerExploitPublicFacingApp,CIC-3,Code reviews and automated testing of the app are enforced,Exposure,1,"CI/CD and supply chain controls prevent introduction of vulnerabilities during development, but do not reduce the attack surface of an exposed container"
ContainerExploitPublicFacingApp,CIC-4,Third-party components used by the app are validated,Exploitability,1,"CI/CD and supply chain controls prevent introduction of vulnerabilities during development, but do not focus the prevention of initial access"
ContainerExploitPublicFacingApp,CIC-4,Third-party components used by the app are validated,Exposure,1,"CI/CD and supply chain controls prevent introduction of vulnerabilities during development, but do not reduce the attack surface of an exposed container"
ContainerExploitPublicFacingApp,CIC-5,The CI/CD pipeline for the app enables reproducible builds,Exploitability,1,"CI/CD and supply chain controls prevent introduction of vulnerabilities during development, but do not focus the prevention of initial access"
ContainerExploitPublicFacingApp,CIC-5,The CI/CD pipeline for the app enables reproducible builds,Exposure,1,"CI/CD and supply chain controls prevent introduction of vulnerabilities during development, but do not reduce the attack surface of an exposed container"
ContainerExploitPublicFacingApp,CIC-6,Apps for development and production are not deployed in the same environment,Exploitability,1,"CI/CD and supply chain controls prevent introduction of vulnerabilities during development, but do not focus the prevention of initial access"
ContainerExploitPublicFacingApp,CIC-6,Apps for development and production are not deployed in the same environment,Exposure,1,"CI/CD and supply chain controls prevent introduction of vulnerabilities during development, but do not reduce the attack surface of an exposed container"
ContainerExploitPublicFacingApp,CRM-1,Regular risk assessments of apps and host devices are performed,Exploitability,1,Compliance and risk management practices help identifying the capabilities to access an exposed container
ContainerExploitPublicFacingApp,CRM-1,Regular risk assessments of apps and host devices are performed,Exposure,1,Compliance and risk management practices help to evaluate to which threats a container is exposed
ContainerExploitPublicFacingApp,CRM-2,The operation's asset inventory is maintained,Exploitability,1,Compliance and risk management practices help identifying the capabilities to access an exposed container
ContainerExploitPublicFacingApp,CRM-2,The operation's asset inventory is maintained,Exposure,1,Compliance and risk management practices help to evaluate to which threats a container is exposed
ContainerExploitPublicFacingApp,CRM-3,Container security policies along the app lifecycle are documented and enforced,Exploitability,1,Compliance and risk management practices help identifying the capabilities to access an exposed container
ContainerExploitPublicFacingApp,CRM-3,Container security policies along the app lifecycle are documented and enforced,Exposure,1,Compliance and risk management practices help to evaluate to which threats a container is exposed
ContainerExploitPublicFacingApp,CRM-4,Periodic audits and reviews of apps and host devices are conducted,Exploitability,1,Compliance and risk management practices help identifying the capabilities to access an exposed container
ContainerExploitPublicFacingApp,CRM-4,Periodic audits and reviews of apps and host devices are conducted,Exposure,1,Compliance and risk management practices help to evaluate to which threats a container is exposed
ContainerExploitPublicFacingApp,HIS-1,The container runtime on the host device is up to date,Exploitability,1,An up-to-date container runtime ensures that current measures for access control are implemented
ContainerExploitPublicFacingApp,HIS-1,The container runtime on the host device is up to date,Exposure,0,Host infrastructure security does not reduce the attack surface of exposed containers
ContainerExploitPublicFacingApp,HIS-2,The host device is deployed as an immutable infrastructure (e.g. read-only file system),Exploitability,0,Host infrastructure security does not prevent initial access to an exposed container
ContainerExploitPublicFacingApp,HIS-2,The host device is deployed as an immutable infrastructure (e.g. read-only file system),Exposure,0,Host infrastructure security does not reduce the attack surface of exposed containers
ContainerExploitPublicFacingApp,HIS-3,The host device is monitored for unauthorized changes,Exploitability,0,Host infrastructure security does not prevent initial access to an exposed container
ContainerExploitPublicFacingApp,HIS-3,The host device is monitored for unauthorized changes,Exposure,0,Host infrastructure security does not reduce the attack surface of exposed containers
ContainerExploitPublicFacingApp,IMG-1,App images are scanned for vulnerabilities,Exploitability,1,Container image security practices reduce the software footprint and likelihood of exploitable vulnerabilities
ContainerExploitPublicFacingApp,IMG-1,App images are scanned for vulnerabilities,Exposure,1,Container image security practices reduce the attack surface of exposed containers
ContainerExploitPublicFacingApp,IMG-2,App uses minimal base images,Exploitability,1,Container image security practices reduce the software footprint and likelihood of exploitable vulnerabilities
ContainerExploitPublicFacingApp,IMG-2,App uses minimal base images,Exposure,1,Container image security practices reduce the attack surface of exposed containers
ContainerExploitPublicFacingApp,IMG-3,App images are signed and verified,Exploitability,1,Container image security practices reduce the software footprint and likelihood of exploitable vulnerabilities
ContainerExploitPublicFacingApp,IMG-3,App images are signed and verified,Exposure,1,Container image security practices reduce the attack surface of exposed containers
ContainerExploitPublicFacingApp,IMG-4,Dockerfiles of the app pin the base image version,Exploitability,1,Container image security practices reduce the software footprint and likelihood of exploitable vulnerabilities
ContainerExploitPublicFacingApp,IMG-4,Dockerfiles of the app pin the base image version,Exposure,1,Container image security practices reduce the attack surface of exposed containers
ContainerExploitPublicFacingApp,IMG-5,App images are rebuilt and updated regularly,Exploitability,1,Container image security practices reduce the software footprint and likelihood of exploitable vulnerabilities
ContainerExploitPublicFacingApp,IMG-5,App images are rebuilt and updated regularly,Exposure,1,Container image security practices reduce the attack surface of exposed containers
ContainerExploitPublicFacingApp,IMG-6,Device orchestration only uses trusted image registries,Exploitability,1,Container image security practices reduce the software footprint and likelihood of exploitable vulnerabilities
ContainerExploitPublicFacingApp,IMG-6,Device orchestration only uses trusted image registries,Exposure,1,Container image security practices reduce the attack surface of exposed containers
ContainerExploitPublicFacingApp,MON-1,Container-level logging is enabled,Exploitability,0,Monitoring and detection controls do not make the initial access to a container more difficult
ContainerExploitPublicFacingApp,MON-1,Container-level logging is enabled,Exposure,2,"Monitoring and detection controls enable early identification and response to attacks, but unwanted access needs to be identified correctly"
ContainerExploitPublicFacingApp,MON-2,Processes on the host device are monitored for anomalous behavior,Exploitability,0,Monitoring and detection controls do not make the initial access to a container more difficult
ContainerExploitPublicFacingApp,MON-2,Processes on the host device are monitored for anomalous behavior,Exposure,2,"Monitoring and detection controls enable early identification and response to attacks, but unwanted access needs to be identified correctly"
ContainerExploitPublicFacingApp,MON-3,"Runtime security tools (e.g. Falco, Trivy) are used",Exploitability,0,Monitoring and detection controls do not make the initial access to a container more difficult
ContainerExploitPublicFacingApp,MON-3,"Runtime security tools (e.g. Falco, Trivy) are used",Exposure,2,"Monitoring and detection controls enable early identification and response to attacks, but unwanted access needs to be identified correctly"
ContainerExploitPublicFacingApp,MON-4,Incident response procedures are implemented,Exploitability,0,Monitoring and detection controls do not make the initial access to a container more difficult
ContainerExploitPublicFacingApp,MON-4,Incident response procedures are implemented,Exposure,2,"Monitoring and detection controls enable early identification and response to attacks, but unwanted access needs to be identified correctly"
ContainerExploitPublicFacingApp,MON-5,Logs are centralized and protected,Exploitability,0,Monitoring and detection controls do not make the initial access to a container more difficult
ContainerExploitPublicFacingApp,MON-5,Logs are centralized and protected,Exposure,2,"Monitoring and detection controls enable early identification and response to attacks, but unwanted access needs to be identified correctly"
ContainerExploitPublicFacingApp,MON-6,Decoy containers (honeypots) are deployed on the device to detect malicious activity,Exploitability,0,Monitoring and detection controls do not make the initial access to a container more difficult
ContainerExploitPublicFacingApp,MON-6,Decoy containers (honeypots) are deployed on the device to detect malicious activity,Exposure,2,"Monitoring and detection controls enable early identification and response to attacks, but unwanted access needs to be identified correctly"
ContainerExploitPublicFacingApp,MON-7,Container API calls and orchestration events are monitored for anomalies,Exploitability,0,Monitoring and detection controls do not make the initial access to a container more difficult
ContainerExploitPublicFacingApp,MON-7,Container API calls and orchestration events are monitored for anomalies,Exposure,2,"Monitoring and detection controls enable early identification and response to attacks, but unwanted access needs to be identified correctly"
ContainerExploitPublicFacingApp,MON-8,Alerts are triggered for unauthorized access attempts to container registries or APIs,Exploitability,0,Monitoring and detection controls do not make the initial access to a container more difficult
ContainerExploitPublicFacingApp,MON-8,Alerts are triggered for unauthorized access attempts to container registries or APIs,Exposure,2,"Monitoring and detection controls enable early identification and response to attacks, but unwanted access needs to be identified correctly"
ContainerExploitPublicFacingApp,NET-1,App container networks are segmented,Exploitability,2,Network security controls limit network access and make it harder for an attacker to navigate to the desired container process
ContainerExploitPublicFacingApp,NET-1,App container networks are segmented,Exposure,3,Network security controls limit network access and reduce attack surface
ContainerExploitPublicFacingApp,NET-2,Host-level firewall rules and network policies are applied,Exploitability,2,Network security controls limit network access and make it harder for an attacker to navigate to the desired container process
ContainerExploitPublicFacingApp,NET-2,Host-level firewall rules and network policies are applied,Exposure,3,Network security controls limit network access and reduce attack surface
ContainerExploitPublicFacingApp,NET-3,Inter-container communication is encrypted,Exploitability,2,Network security controls limit network access and make it harder for an attacker to navigate to the desired container process
ContainerExploitPublicFacingApp,NET-3,Inter-container communication is encrypted,Exposure,3,Network security controls limit network access and reduce attack surface
ContainerExploitPublicFacingApp,NET-4,Ingress/egress controls for containers are implemented,Exploitability,2,Network security controls limit network access and make it harder for an attacker to navigate to the desired container process
ContainerExploitPublicFacingApp,NET-4,Ingress/egress controls for containers are implemented,Exposure,3,Network security controls limit network access and reduce attack surface
ContainerExploitPublicFacingApp,RTS-1,App containers are run as non-root user,Exploitability,0,Runtime security measures for containers do not reduce the likelihood of attackers gaining initial access to an exposed container
ContainerExploitPublicFacingApp,RTS-1,App containers are run as non-root user,Exposure,0,Runtime security measures for containers do not reduce the attacksurface of a container for initial access
ContainerExploitPublicFacingApp,RTS-2,App containers use read-only file systems,Exploitability,0,Runtime security measures for containers do not reduce the likelihood of attackers gaining initial access to an exposed container
ContainerExploitPublicFacingApp,RTS-2,App containers use read-only file systems,Exposure,0,Runtime security measures for containers do not reduce the attacksurface of a container for initial access
ContainerExploitPublicFacingApp,RTS-3,App containers are deployed with minimal Linux capabilities,Exploitability,0,Runtime security measures for containers do not reduce the likelihood of attackers gaining initial access to an exposed container
ContainerExploitPublicFacingApp,RTS-3,App containers are deployed with minimal Linux capabilities,Exposure,0,Runtime security measures for containers do not reduce the attacksurface of a container for initial access
ContainerExploitPublicFacingApp,RTS-4,Seccomp is implemented on the device,Exploitability,0,Runtime security measures for containers do not reduce the likelihood of attackers gaining initial access to an exposed container
ContainerExploitPublicFacingApp,RTS-4,Seccomp is implemented on the device,Exposure,0,Runtime security measures for containers do not reduce the attacksurface of a container for initial access
ContainerExploitPublicFacingApp,RTS-5,AppArmor is implemented on the device,Exploitability,0,Runtime security measures for containers do not reduce the likelihood of attackers gaining initial access to an exposed container
ContainerExploitPublicFacingApp,RTS-5,AppArmor is implemented on the device,Exposure,0,Runtime security measures for containers do not reduce the attacksurface of a container for initial access
ContainerExploitPublicFacingApp,RTS-6,SELinux is implemented on the device,Exploitability,0,Runtime security measures for containers do not reduce the likelihood of attackers gaining initial access to an exposed container
ContainerExploitPublicFacingApp,RTS-6,SELinux is implemented on the device,Exposure,0,Runtime security measures for containers do not reduce the attacksurface of a container for initial access
ContainerExploitPublicFacingApp,RTS-7,App containers have minimal access to host resources,Exploitability,0,Runtime security measures for containers do not reduce the likelihood of attackers gaining initial access to an exposed container
ContainerExploitPublicFacingApp,RTS-7,App containers have minimal access to host resources,Exposure,0,Runtime security measures for containers do not reduce the attacksurface of a container for initial access
ContainerExploitPublicFacingApp,SCM-1,Secure secrets management tools (e.g. vaults or secrets manager) are used,Exploitability,1,"Secrets management controls prevent attackers from accessing credentials (e.g., passwords) to gain initial access"
ContainerExploitPublicFacingApp,SCM-1,Secure secrets management tools (e.g. vaults or secrets manager) are used,Exposure,0,Secrets management controls do not reduce the attack surface of an exposed container
ContainerExploitPublicFacingApp,SCM-2,Apps do not contain any hardcoded secrets,Exploitability,1,"Secrets management controls prevent attackers from accessing credentials (e.g., passwords) to gain initial access"
ContainerExploitPublicFacingApp,SCM-2,Apps do not contain any hardcoded secrets,Exposure,0,Secrets management controls do not reduce the attack surface of an exposed container
ContainerExploitPublicFacingApp,SCM-3,Secrets at rest and in transit are encrypted,Exploitability,1,"Secrets management controls prevent attackers from accessing credentials (e.g., passwords) to gain initial access"
ContainerExploitPublicFacingApp,SCM-3,Secrets at rest and in transit are encrypted,Exposure,0,Secrets management controls do not reduce the attack surface of an exposed container
ContainerExploitPublicFacingApp,SCM-4,Automatic secret rotation and revocation policies are implemented,Exploitability,1,"Secrets management controls prevent attackers from accessing credentials (e.g., passwords) to gain initial access"
ContainerExploitPublicFacingApp,SCM-4,Automatic secret rotation and revocation policies are implemented,Exposure,0,Secrets management controls do not reduce the attack surface of an exposed container
ContainerFirewallDisable,AUTH-1,Authentication for exposed container APIs is enforced,Exploitability,0,Authentication and access controls do not make network configuration modification more difficult
ContainerFirewallDisable,AUTH-1,Authentication for exposed container APIs is enforced,Exposure,2,Authentication and access controls prevent unauthorized access to the container with the network privileges
ContainerFirewallDisable,AUTH-2,Role-based access control is used for orchestration and container management,Exploitability,0,Authentication and access controls do not make network configuration modification more difficult
ContainerFirewallDisable,AUTH-2,Role-based access control is used for orchestration and container management,Exposure,2,Authentication and access controls prevent unauthorized access to the container with the network privileges
ContainerFirewallDisable,AUTH-3,"Access to container management interfaces (e.g., Docker socket) is restricted",Exploitability,0,Authentication and access controls do not make network configuration modification more difficult
ContainerFirewallDisable,AUTH-3,"Access to container management interfaces (e.g., Docker socket) is restricted",Exposure,2,Authentication and access controls prevent unauthorized access to the container with the network privileges
ContainerFirewallDisable,CIC-1,"The CI/CD pipeline for the app is secured (regarding code repositories, build environments, secrets, vulnerabilities, signing, auditing ...)",Exploitability,1,CI/CD and supply chain controls prevent introduction of vulnerabilities to containers with networking privileges
ContainerFirewallDisable,CIC-1,"The CI/CD pipeline for the app is secured (regarding code repositories, build environments, secrets, vulnerabilities, signing, auditing ...)",Exposure,1,CI/CD and supply chain controls help to reduce the attack surface of a container with networking privileges
ContainerFirewallDisable,CIC-2,SBOMs are used for the app to track code dependencies,Exploitability,1,CI/CD and supply chain controls prevent introduction of vulnerabilities to containers with networking privileges
ContainerFirewallDisable,CIC-2,SBOMs are used for the app to track code dependencies,Exposure,1,CI/CD and supply chain controls help to reduce the attack surface of a container with networking privileges
ContainerFirewallDisable,CIC-3,Code reviews and automated testing of the app are enforced,Exploitability,1,CI/CD and supply chain controls prevent introduction of vulnerabilities to containers with networking privileges
ContainerFirewallDisable,CIC-3,Code reviews and automated testing of the app are enforced,Exposure,1,CI/CD and supply chain controls help to reduce the attack surface of a container with networking privileges
ContainerFirewallDisable,CIC-4,Third-party components used by the app are validated,Exploitability,1,CI/CD and supply chain controls prevent introduction of vulnerabilities to containers with networking privileges
ContainerFirewallDisable,CIC-4,Third-party components used by the app are validated,Exposure,1,CI/CD and supply chain controls help to reduce the attack surface of a container with networking privileges
ContainerFirewallDisable,CIC-5,The CI/CD pipeline for the app enables reproducible builds,Exploitability,1,CI/CD and supply chain controls prevent introduction of vulnerabilities to containers with networking privileges
ContainerFirewallDisable,CIC-5,The CI/CD pipeline for the app enables reproducible builds,Exposure,1,CI/CD and supply chain controls help to reduce the attack surface of a container with networking privileges
ContainerFirewallDisable,CIC-6,Apps for development and production are not deployed in the same environment,Exploitability,1,CI/CD and supply chain controls prevent introduction of vulnerabilities to containers with networking privileges
ContainerFirewallDisable,CIC-6,Apps for development and production are not deployed in the same environment,Exposure,1,CI/CD and supply chain controls help to reduce the attack surface of a container with networking privileges
ContainerFirewallDisable,CRM-1,Regular risk assessments of apps and host devices are performed,Exploitability,2,Compliance and risk management helps to assess how a container with networking privileges can damage the production environment
ContainerFirewallDisable,CRM-1,Regular risk assessments of apps and host devices are performed,Exposure,2,Compliance and risk management practices help to assess measures to restric access to a container with networking privileges
ContainerFirewallDisable,CRM-2,The operation's asset inventory is maintained,Exploitability,2,Compliance and risk management helps to assess how a container with networking privileges can damage the production environment
ContainerFirewallDisable,CRM-2,The operation's asset inventory is maintained,Exposure,2,Compliance and risk management practices help to assess measures to restric access to a container with networking privileges
ContainerFirewallDisable,CRM-3,Container security policies along the app lifecycle are documented and enforced,Exploitability,2,Compliance and risk management helps to assess how a container with networking privileges can damage the production environment
ContainerFirewallDisable,CRM-3,Container security policies along the app lifecycle are documented and enforced,Exposure,2,Compliance and risk management practices help to assess measures to restric access to a container with networking privileges
ContainerFirewallDisable,CRM-4,Periodic audits and reviews of apps and host devices are conducted,Exploitability,2,Compliance and risk management helps to assess how a container with networking privileges can damage the production environment
ContainerFirewallDisable,CRM-4,Periodic audits and reviews of apps and host devices are conducted,Exposure,2,Compliance and risk management practices help to assess measures to restric access to a container with networking privileges
ContainerFirewallDisable,HIS-1,The container runtime on the host device is up to date,Exploitability,0,Host infrastructure security does not make network configuration manipulation more difficult
ContainerFirewallDisable,HIS-1,The container runtime on the host device is up to date,Exposure,0,The status of the container runtime does not reduce the attack surface of a container with networking privileges
ContainerFirewallDisable,HIS-2,The host device is deployed as an immutable infrastructure (e.g. read-only file system),Exploitability,0,Host infrastructure security does not make network configuration manipulation more difficult
ContainerFirewallDisable,HIS-2,The host device is deployed as an immutable infrastructure (e.g. read-only file system),Exposure,2,Configuring the host network configuration as immutable and monitoring changes increases the likelihood of detecting malicious activities
ContainerFirewallDisable,HIS-3,The host device is monitored for unauthorized changes,Exploitability,0,Host infrastructure security does not make network configuration manipulation more difficult
ContainerFirewallDisable,HIS-3,The host device is monitored for unauthorized changes,Exposure,2,Configuring the host network configuration as immutable and monitoring changes increases the likelihood of detecting malicious activities
ContainerFirewallDisable,IMG-1,App images are scanned for vulnerabilities,Exploitability,0,Container image security practices do not make manipulating network configuration more difficult
ContainerFirewallDisable,IMG-1,App images are scanned for vulnerabilities,Exposure,1,Container image security practices reduce the software footprint and likelihood of identifying malicious container design
ContainerFirewallDisable,IMG-2,App uses minimal base images,Exploitability,0,Container image security practices do not make manipulating network configuration more difficult
ContainerFirewallDisable,IMG-2,App uses minimal base images,Exposure,1,Container image security practices reduce the software footprint and likelihood of identifying malicious container design
ContainerFirewallDisable,IMG-3,App images are signed and verified,Exploitability,0,Container image security practices do not make manipulating network configuration more difficult
ContainerFirewallDisable,IMG-3,App images are signed and verified,Exposure,1,Container image security practices reduce the software footprint and likelihood of identifying malicious container design
ContainerFirewallDisable,IMG-4,Dockerfiles of the app pin the base image version,Exploitability,0,Container image security practices do not make manipulating network configuration more difficult
ContainerFirewallDisable,IMG-4,Dockerfiles of the app pin the base image version,Exposure,1,Container image security practices reduce the software footprint and likelihood of identifying malicious container design
ContainerFirewallDisable,IMG-5,App images are rebuilt and updated regularly,Exploitability,0,Container image security practices do not make manipulating network configuration more difficult
ContainerFirewallDisable,IMG-5,App images are rebuilt and updated regularly,Exposure,1,Container image security practices reduce the software footprint and likelihood of identifying malicious container design
ContainerFirewallDisable,IMG-6,Device orchestration only uses trusted image registries,Exploitability,0,Container image security practices do not make manipulating network configuration more difficult
ContainerFirewallDisable,IMG-6,Device orchestration only uses trusted image registries,Exposure,1,Container image security practices reduce the software footprint and likelihood of identifying malicious container design
ContainerFirewallDisable,MON-1,Container-level logging is enabled,Exploitability,0,Monitoring and detection controls do not make network configuration manipulation more difficult
ContainerFirewallDisable,MON-1,Container-level logging is enabled,Exposure,2,Activities of a privileged network container should be monitored to detect malicious activities
ContainerFirewallDisable,MON-2,Processes on the host device are monitored for anomalous behavior,Exploitability,0,Monitoring and detection controls do not make network configuration manipulation more difficult
ContainerFirewallDisable,MON-2,Processes on the host device are monitored for anomalous behavior,Exposure,2,Activities of a privileged network container should be monitored to detect malicious activities
ContainerFirewallDisable,MON-3,"Runtime security tools (e.g. Falco, Trivy) are used",Exploitability,0,Monitoring and detection controls do not make network configuration manipulation more difficult
ContainerFirewallDisable,MON-3,"Runtime security tools (e.g. Falco, Trivy) are used",Exposure,2,Activities of a privileged network container should be monitored to detect malicious activities
ContainerFirewallDisable,MON-4,Incident response procedures are implemented,Exploitability,0,Monitoring and detection controls do not make network configuration manipulation more difficult
ContainerFirewallDisable,MON-4,Incident response procedures are implemented,Exposure,2,Activities of a privileged network container should be monitored to detect malicious activities
ContainerFirewallDisable,MON-5,Logs are centralized and protected,Exploitability,0,Monitoring and detection controls do not make network configuration manipulation more difficult
ContainerFirewallDisable,MON-5,Logs are centralized and protected,Exposure,2,Activities of a privileged network container should be monitored to detect malicious activities
ContainerFirewallDisable,MON-6,Decoy containers (honeypots) are deployed on the device to detect malicious activity,Exploitability,0,Monitoring and detection controls do not make network configuration manipulation more difficult
ContainerFirewallDisable,MON-6,Decoy containers (honeypots) are deployed on the device to detect malicious activity,Exposure,2,Activities of a privileged network container should be monitored to detect malicious activities
ContainerFirewallDisable,MON-7,Container API calls and orchestration events are monitored for anomalies,Exploitability,0,Monitoring and detection controls do not make network configuration manipulation more difficult
ContainerFirewallDisable,MON-7,Container API calls and orchestration events are monitored for anomalies,Exposure,2,Activities of a privileged network container should be monitored to detect malicious activities
ContainerFirewallDisable,MON-8,Alerts are triggered for unauthorized access attempts to container registries or APIs,Exploitability,0,Monitoring and detection controls do not make network configuration manipulation more difficult
ContainerFirewallDisable,MON-8,Alerts are triggered for unauthorized access attempts to container registries or APIs,Exposure,2,Activities of a privileged network container should be monitored to detect malicious activities
ContainerFirewallDisable,NET-1,App container networks are segmented,Exploitability,0,Network security controls do not make manipulating network configuration more difficult
ContainerFirewallDisable,NET-1,App container networks are segmented,Exposure,3,Network security controls greatly improve the isolation of the privileged container and reduce the attack surface
ContainerFirewallDisable,NET-2,Host-level firewall rules and network policies are applied,Exploitability,0,Network security controls do not make manipulating network configuration more difficult
ContainerFirewallDisable,NET-2,Host-level firewall rules and network policies are applied,Exposure,3,Network security controls greatly improve the isolation of the privileged container and reduce the attack surface
ContainerFirewallDisable,NET-3,Inter-container communication is encrypted,Exploitability,0,Network security controls do not make manipulating network configuration more difficult
ContainerFirewallDisable,NET-3,Inter-container communication is encrypted,Exposure,3,Network security controls greatly improve the isolation of the privileged container and reduce the attack surface
ContainerFirewallDisable,NET-4,Ingress/egress controls for containers are implemented,Exploitability,0,Network security controls do not make manipulating network configuration more difficult
ContainerFirewallDisable,NET-4,Ingress/egress controls for containers are implemented,Exposure,3,Network security controls greatly improve the isolation of the privileged container and reduce the attack surface
ContainerFirewallDisable,RTS-1,App containers are run as non-root user,Exploitability,3,Using a non-root user for the container makes it more difficult gain access to and modify host network configuration
ContainerFirewallDisable,RTS-1,App containers are run as non-root user,Exposure,0,Runtime security controls do not reduce the attack surface for network hijacking or support detection of malicious activities
ContainerFirewallDisable,RTS-2,App containers use read-only file systems,Exploitability,0,Runtime security controls do not make manipulation of network configuration more difficult
ContainerFirewallDisable,RTS-2,App containers use read-only file systems,Exposure,0,Runtime security controls do not reduce the attack surface for network hijacking or support detection of malicious activities
ContainerFirewallDisable,RTS-3,App containers are deployed with minimal Linux capabilities,Exploitability,0,Runtime security controls do not make manipulation of network configuration more difficult
ContainerFirewallDisable,RTS-3,App containers are deployed with minimal Linux capabilities,Exposure,0,Runtime security controls do not reduce the attack surface for network hijacking or support detection of malicious activities
ContainerFirewallDisable,RTS-4,Seccomp is implemented on the device,Exploitability,0,Runtime security controls do not make manipulation of network configuration more difficult
ContainerFirewallDisable,RTS-4,Seccomp is implemented on the device,Exposure,0,Runtime security controls do not reduce the attack surface for network hijacking or support detection of malicious activities
ContainerFirewallDisable,RTS-5,AppArmor is implemented on the device,Exploitability,0,Runtime security controls do not make manipulation of network configuration more difficult
ContainerFirewallDisable,RTS-5,AppArmor is implemented on the device,Exposure,0,Runtime security controls do not reduce the attack surface for network hijacking or support detection of malicious activities
ContainerFirewallDisable,RTS-6,SELinux is implemented on the device,Exploitability,0,Runtime security controls do not make manipulation of network configuration more difficult
ContainerFirewallDisable,RTS-6,SELinux is implemented on the device,Exposure,0,Runtime security controls do not reduce the attack surface for network hijacking or support detection of malicious activities
ContainerFirewallDisable,RTS-7,App containers have minimal access to host resources,Exploitability,0,Runtime security controls do not make manipulation of network configuration more difficult
ContainerFirewallDisable,RTS-7,App containers have minimal access to host resources,Exposure,0,Runtime security controls do not reduce the attack surface for network hijacking or support detection of malicious activities
ContainerFirewallDisable,SCM-1,Secure secrets management tools (e.g. vaults or secrets manager) are used,Exploitability,0,Secrets management controls do not increase the efforts and difficulty for network configuration manipulation
ContainerFirewallDisable,SCM-1,Secure secrets management tools (e.g. vaults or secrets manager) are used,Exposure,0,Secure secrets management does not reduce the attack surface posed by a privileged network container and does not support detection of configuration manipulation
ContainerFirewallDisable,SCM-2,Apps do not contain any hardcoded secrets,Exploitability,0,Secrets management controls do not increase the efforts and difficulty for network configuration manipulation
ContainerFirewallDisable,SCM-2,Apps do not contain any hardcoded secrets,Exposure,0,Secure secrets management does not reduce the attack surface posed by a privileged network container and does not support detection of configuration manipulation
ContainerFirewallDisable,SCM-3,Secrets at rest and in transit are encrypted,Exploitability,0,Secrets management controls do not increase the efforts and difficulty for network configuration manipulation
ContainerFirewallDisable,SCM-3,Secrets at rest and in transit are encrypted,Exposure,0,Secure secrets management does not reduce the attack surface posed by a privileged network container and does not support detection of configuration manipulation
ContainerFirewallDisable,SCM-4,Automatic secret rotation and revocation policies are implemented,Exploitability,0,Secrets management controls do not increase the efforts and difficulty for network configuration manipulation
ContainerFirewallDisable,SCM-4,Automatic secret rotation and revocation policies are implemented,Exposure,0,Secure secrets management does not reduce the attack surface posed by a privileged network container and does not support detection of configuration manipulation
ContainerKernelModuleLoading,AUTH-1,Authentication for exposed container APIs is enforced,Exploitability,0,Authentication and access controls do not make loading a malicious kernel module more difficult
ContainerKernelModuleLoading,AUTH-1,Authentication for exposed container APIs is enforced,Exposure,2,Authentication and access controls prevent unauthorized access to container infrastructure
ContainerKernelModuleLoading,AUTH-2,Role-based access control is used for orchestration and container management,Exploitability,0,Authentication and access controls do not make loading a malicious kernel module more difficult
ContainerKernelModuleLoading,AUTH-2,Role-based access control is used for orchestration and container management,Exposure,2,Authentication and access controls prevent unauthorized access to container infrastructure
ContainerKernelModuleLoading,AUTH-3,"Access to container management interfaces (e.g., Docker socket) is restricted",Exploitability,0,Authentication and access controls do not make loading a malicious kernel module more difficult
ContainerKernelModuleLoading,AUTH-3,"Access to container management interfaces (e.g., Docker socket) is restricted",Exposure,2,Authentication and access controls prevent unauthorized access to container infrastructure
ContainerKernelModuleLoading,CIC-1,"The CI/CD pipeline for the app is secured (regarding code repositories, build environments, secrets, vulnerabilities, signing, auditing ...)",Exploitability,1,CI/CD and supply chain controls increase trustworthiness and robustness of the container
ContainerKernelModuleLoading,CIC-1,"The CI/CD pipeline for the app is secured (regarding code repositories, build environments, secrets, vulnerabilities, signing, auditing ...)",Exposure,1,CI/CD and supply chain controls prevent introduction of vulnerabilities and support identifying containers that aim to load a malicious module
ContainerKernelModuleLoading,CIC-2,SBOMs are used for the app to track code dependencies,Exploitability,1,CI/CD and supply chain controls increase trustworthiness and robustness of the container
ContainerKernelModuleLoading,CIC-2,SBOMs are used for the app to track code dependencies,Exposure,1,CI/CD and supply chain controls prevent introduction of vulnerabilities and support identifying containers that aim to load a malicious module
ContainerKernelModuleLoading,CIC-3,Code reviews and automated testing of the app are enforced,Exploitability,1,CI/CD and supply chain controls increase trustworthiness and robustness of the container
ContainerKernelModuleLoading,CIC-3,Code reviews and automated testing of the app are enforced,Exposure,1,CI/CD and supply chain controls prevent introduction of vulnerabilities and support identifying containers that aim to load a malicious module
ContainerKernelModuleLoading,CIC-4,Third-party components used by the app are validated,Exploitability,1,CI/CD and supply chain controls increase trustworthiness and robustness of the container
ContainerKernelModuleLoading,CIC-4,Third-party components used by the app are validated,Exposure,1,CI/CD and supply chain controls prevent introduction of vulnerabilities and support identifying containers that aim to load a malicious module
ContainerKernelModuleLoading,CIC-5,The CI/CD pipeline for the app enables reproducible builds,Exploitability,1,CI/CD and supply chain controls increase trustworthiness and robustness of the container
ContainerKernelModuleLoading,CIC-5,The CI/CD pipeline for the app enables reproducible builds,Exposure,1,CI/CD and supply chain controls prevent introduction of vulnerabilities and support identifying containers that aim to load a malicious module
ContainerKernelModuleLoading,CIC-6,Apps for development and production are not deployed in the same environment,Exploitability,1,CI/CD and supply chain controls increase trustworthiness and robustness of the container
ContainerKernelModuleLoading,CIC-6,Apps for development and production are not deployed in the same environment,Exposure,1,CI/CD and supply chain controls prevent introduction of vulnerabilities and support identifying containers that aim to load a malicious module
ContainerKernelModuleLoading,CRM-1,Regular risk assessments of apps and host devices are performed,Exploitability,1,Compliance and risk management practices help to evaluate the difficulty of causing damage by loading a kernel module
ContainerKernelModuleLoading,CRM-1,Regular risk assessments of apps and host devices are performed,Exposure,0,Compliance and risk management do not reduce the attack surface introduced by a container that can load kernel modules
ContainerKernelModuleLoading,CRM-2,The operation's asset inventory is maintained,Exploitability,1,Compliance and risk management practices help to evaluate the difficulty of causing damage by loading a kernel module
ContainerKernelModuleLoading,CRM-2,The operation's asset inventory is maintained,Exposure,0,Compliance and risk management do not reduce the attack surface introduced by a container that can load kernel modules
ContainerKernelModuleLoading,CRM-3,Container security policies along the app lifecycle are documented and enforced,Exploitability,1,Compliance and risk management practices help to evaluate the difficulty of causing damage by loading a kernel module
ContainerKernelModuleLoading,CRM-3,Container security policies along the app lifecycle are documented and enforced,Exposure,0,Compliance and risk management do not reduce the attack surface introduced by a container that can load kernel modules
ContainerKernelModuleLoading,CRM-4,Periodic audits and reviews of apps and host devices are conducted,Exploitability,1,Compliance and risk management practices help to evaluate the difficulty of causing damage by loading a kernel module
ContainerKernelModuleLoading,CRM-4,Periodic audits and reviews of apps and host devices are conducted,Exposure,0,Compliance and risk management do not reduce the attack surface introduced by a container that can load kernel modules
ContainerKernelModuleLoading,HIS-1,The container runtime on the host device is up to date,Exploitability,0,Host infrastructure security does not make loading a malicious kernel module more difficult
ContainerKernelModuleLoading,HIS-1,The container runtime on the host device is up to date,Exposure,0,Host infrastructure security does not reduce the attack surface required for loading a malicious kernel module
ContainerKernelModuleLoading,HIS-2,The host device is deployed as an immutable infrastructure (e.g. read-only file system),Exploitability,0,Host infrastructure security does not make loading a malicious kernel module more difficult
ContainerKernelModuleLoading,HIS-2,The host device is deployed as an immutable infrastructure (e.g. read-only file system),Exposure,0,Host infrastructure security does not reduce the attack surface required for loading a malicious kernel module
ContainerKernelModuleLoading,HIS-3,The host device is monitored for unauthorized changes,Exploitability,0,Host infrastructure security does not make loading a malicious kernel module more difficult
ContainerKernelModuleLoading,HIS-3,The host device is monitored for unauthorized changes,Exposure,2,Monitoring of the host kernel increases the chance of discovering malicious activities regarding kernel module loading
ContainerKernelModuleLoading,IMG-1,App images are scanned for vulnerabilities,Exploitability,2,Container image security practices reduce the software footprint and make it more difficult for attackers to load malicious modules
ContainerKernelModuleLoading,IMG-1,App images are scanned for vulnerabilities,Exposure,2,Container image security practices reduce the software footprint and the attack surface of the privileged container
ContainerKernelModuleLoading,IMG-2,App uses minimal base images,Exploitability,2,Container image security practices reduce the software footprint and make it more difficult for attackers to load malicious modules
ContainerKernelModuleLoading,IMG-2,App uses minimal base images,Exposure,2,Container image security practices reduce the software footprint and the attack surface of the privileged container
ContainerKernelModuleLoading,IMG-3,App images are signed and verified,Exploitability,2,Container image security practices reduce the software footprint and make it more difficult for attackers to load malicious modules
ContainerKernelModuleLoading,IMG-3,App images are signed and verified,Exposure,2,Container image security practices reduce the software footprint and the attack surface of the privileged container
ContainerKernelModuleLoading,IMG-4,Dockerfiles of the app pin the base image version,Exploitability,2,Container image security practices reduce the software footprint and make it more difficult for attackers to load malicious modules
ContainerKernelModuleLoading,IMG-4,Dockerfiles of the app pin the base image version,Exposure,2,Container image security practices reduce the software footprint and the attack surface of the privileged container
ContainerKernelModuleLoading,IMG-5,App images are rebuilt and updated regularly,Exploitability,2,Container image security practices reduce the software footprint and make it more difficult for attackers to load malicious modules
ContainerKernelModuleLoading,IMG-5,App images are rebuilt and updated regularly,Exposure,2,Container image security practices reduce the software footprint and the attack surface of the privileged container
ContainerKernelModuleLoading,IMG-6,Device orchestration only uses trusted image registries,Exploitability,2,Container image security practices reduce the software footprint and make it more difficult for attackers to load malicious modules
ContainerKernelModuleLoading,IMG-6,Device orchestration only uses trusted image registries,Exposure,2,Container image security practices reduce the software footprint and the attack surface of the privileged container
ContainerKernelModuleLoading,MON-1,Container-level logging is enabled,Exploitability,0,Monitoring and detection controls do not make loading a malicious kernel module more difficult
ContainerKernelModuleLoading,MON-1,Container-level logging is enabled,Exposure,2,Monitoring and detection controls enable early identification of malicious kernel module loading
ContainerKernelModuleLoading,MON-2,Processes on the host device are monitored for anomalous behavior,Exploitability,0,Monitoring and detection controls do not make loading a malicious kernel module more difficult
ContainerKernelModuleLoading,MON-2,Processes on the host device are monitored for anomalous behavior,Exposure,2,Monitoring and detection controls enable early identification of malicious kernel module loading
ContainerKernelModuleLoading,MON-3,"Runtime security tools (e.g. Falco, Trivy) are used",Exploitability,0,Monitoring and detection controls do not make loading a malicious kernel module more difficult
ContainerKernelModuleLoading,MON-3,"Runtime security tools (e.g. Falco, Trivy) are used",Exposure,2,Monitoring and detection controls enable early identification of malicious kernel module loading
ContainerKernelModuleLoading,MON-4,Incident response procedures are implemented,Exploitability,0,Monitoring and detection controls do not make loading a malicious kernel module more difficult
ContainerKernelModuleLoading,MON-4,Incident response procedures are implemented,Exposure,2,Monitoring and detection controls enable early identification of malicious kernel module loading
ContainerKernelModuleLoading,MON-5,Logs are centralized and protected,Exploitability,0,Monitoring and detection controls do not make loading a malicious kernel module more difficult
ContainerKernelModuleLoading,MON-5,Logs are centralized and protected,Exposure,2,Monitoring and detection controls enable early identification of malicious kernel module loading
ContainerKernelModuleLoading,MON-6,Decoy containers (honeypots) are deployed on the device to detect malicious activity,Exploitability,0,Monitoring and detection controls do not make loading a malicious kernel module more difficult
ContainerKernelModuleLoading,MON-6,Decoy containers (honeypots) are deployed on the device to detect malicious activity,Exposure,2,Monitoring and detection controls enable early identification of malicious kernel module loading
ContainerKernelModuleLoading,MON-7,Container API calls and orchestration events are monitored for anomalies,Exploitability,0,Monitoring and detection controls do not make loading a malicious kernel module more difficult
ContainerKernelModuleLoading,MON-7,Container API calls and orchestration events are monitored for anomalies,Exposure,2,Monitoring and detection controls enable early identification of malicious kernel module loading
ContainerKernelModuleLoading,MON-8,Alerts are triggered for unauthorized access attempts to container registries or APIs,Exploitability,0,Monitoring and detection controls do not make loading a malicious kernel module more difficult
ContainerKernelModuleLoading,MON-8,Alerts are triggered for unauthorized access attempts to container registries or APIs,Exposure,2,Monitoring and detection controls enable early identification of malicious kernel module loading
ContainerKernelModuleLoading,NET-1,App container networks are segmented,Exploitability,0,Network security controls do not make loading a malicious kernel module more difficult
ContainerKernelModuleLoading,NET-1,App container networks are segmented,Exposure,2,Network security controls limit access to the privileged container and reduce the attack surface
ContainerKernelModuleLoading,NET-2,Host-level firewall rules and network policies are applied,Exploitability,0,Network security controls do not make loading a malicious kernel module more difficult
ContainerKernelModuleLoading,NET-2,Host-level firewall rules and network policies are applied,Exposure,2,Network security controls limit access to the privileged container and reduce the attack surface
ContainerKernelModuleLoading,NET-3,Inter-container communication is encrypted,Exploitability,0,Network security controls do not make loading a malicious kernel module more difficult
ContainerKernelModuleLoading,NET-3,Inter-container communication is encrypted,Exposure,2,Network security controls limit access to the privileged container and reduce the attack surface
ContainerKernelModuleLoading,NET-4,Ingress/egress controls for containers are implemented,Exploitability,0,Network security controls do not make loading a malicious kernel module more difficult
ContainerKernelModuleLoading,NET-4,Ingress/egress controls for containers are implemented,Exposure,2,Network security controls limit access to the privileged container and reduce the attack surface
ContainerKernelModuleLoading,RTS-1,App containers are run as non-root user,Exploitability,2,"Makes loading a malicious module more complicated, since file capabilities have to be specifically assigned"
ContainerKernelModuleLoading,RTS-1,App containers are run as non-root user,Exposure,0,"Runtime security controls do not restrict the access of the attacker inside the privileged container, nor do they support detection of malicious activity"
ContainerKernelModuleLoading,RTS-2,App containers use read-only file systems,Exploitability,0,Runtime security controls do not make loading malicious kernel modules more difficult
ContainerKernelModuleLoading,RTS-2,App containers use read-only file systems,Exposure,0,"Runtime security controls do not restrict the access of the attacker inside the privileged container, nor do they support detection of malicious activity"
ContainerKernelModuleLoading,RTS-3,App containers are deployed with minimal Linux capabilities,Exploitability,0,Runtime security controls do not make loading malicious kernel modules more difficult
ContainerKernelModuleLoading,RTS-3,App containers are deployed with minimal Linux capabilities,Exposure,0,"Runtime security controls do not restrict the access of the attacker inside the privileged container, nor do they support detection of malicious activity"
ContainerKernelModuleLoading,RTS-4,Seccomp is implemented on the device,Exploitability,3,A tailored Seccomp profile can restrict the actions of the privileged container and mitigate the attack vector of loading a malicious module
ContainerKernelModuleLoading,RTS-4,Seccomp is implemented on the device,Exposure,0,"Runtime security controls do not restrict the access of the attacker inside the privileged container, nor do they support detection of malicious activity"
ContainerKernelModuleLoading,RTS-5,AppArmor is implemented on the device,Exploitability,0,Runtime security controls do not make loading malicious kernel modules more difficult
ContainerKernelModuleLoading,RTS-5,AppArmor is implemented on the device,Exposure,0,"Runtime security controls do not restrict the access of the attacker inside the privileged container, nor do they support detection of malicious activity"
ContainerKernelModuleLoading,RTS-6,SELinux is implemented on the device,Exploitability,0,Runtime security controls do not make loading malicious kernel modules more difficult
ContainerKernelModuleLoading,RTS-6,SELinux is implemented on the device,Exposure,0,"Runtime security controls do not restrict the access of the attacker inside the privileged container, nor do they support detection of malicious activity"
ContainerKernelModuleLoading,RTS-7,App containers have minimal access to host resources,Exploitability,0,Runtime security controls do not make loading malicious kernel modules more difficult
ContainerKernelModuleLoading,RTS-7,App containers have minimal access to host resources,Exposure,0,"Runtime security controls do not restrict the access of the attacker inside the privileged container, nor do they support detection of malicious activity"
ContainerKernelModuleLoading,SCM-1,Secure secrets management tools (e.g. vaults or secrets manager) are used,Exploitability,0,Secure secrets management does not make loading a malicious kernel module more difficult
ContainerKernelModuleLoading,SCM-1,Secure secrets management tools (e.g. vaults or secrets manager) are used,Exposure,0,Secrets management controls do not reduce the attack surface of malicious module loading or support detection
ContainerKernelModuleLoading,SCM-2,Apps do not contain any hardcoded secrets,Exploitability,0,Secure secrets management does not make loading a malicious kernel module more difficult
ContainerKernelModuleLoading,SCM-2,Apps do not contain any hardcoded secrets,Exposure,0,Secrets management controls do not reduce the attack surface of malicious module loading or support detection
ContainerKernelModuleLoading,SCM-3,Secrets at rest and in transit are encrypted,Exploitability,0,Secure secrets management does not make loading a malicious kernel module more difficult
ContainerKernelModuleLoading,SCM-3,Secrets at rest and in transit are encrypted,Exposure,0,Secrets management controls do not reduce the attack surface of malicious module loading or support detection
ContainerKernelModuleLoading,SCM-4,Automatic secret rotation and revocation policies are implemented,Exploitability,0,Secure secrets management does not make loading a malicious kernel module more difficult
ContainerKernelModuleLoading,SCM-4,Automatic secret rotation and revocation policies are implemented,Exposure,0,Secrets management controls do not reduce the attack surface of malicious module loading or support detection
ContainerLayer2MitM,AUTH-1,Authentication for exposed container APIs is enforced,Exploitability,0,Authentication and access controls do not make layer 2 network attacks more difficult
ContainerLayer2MitM,AUTH-1,Authentication for exposed container APIs is enforced,Exposure,2,Authentication and access controls reduce the attack surface of the container with layer 2 network access
ContainerLayer2MitM,AUTH-2,Role-based access control is used for orchestration and container management,Exploitability,0,Authentication and access controls do not make layer 2 network attacks more difficult
ContainerLayer2MitM,AUTH-2,Role-based access control is used for orchestration and container management,Exposure,2,Authentication and access controls reduce the attack surface of the container with layer 2 network access
ContainerLayer2MitM,AUTH-3,"Access to container management interfaces (e.g., Docker socket) is restricted",Exploitability,0,Authentication and access controls do not make layer 2 network attacks more difficult
ContainerLayer2MitM,AUTH-3,"Access to container management interfaces (e.g., Docker socket) is restricted",Exposure,2,Authentication and access controls reduce the attack surface of the container with layer 2 network access
ContainerLayer2MitM,CIC-1,"The CI/CD pipeline for the app is secured (regarding code repositories, build environments, secrets, vulnerabilities, signing, auditing ...)",Exploitability,2,CI/CD and supply chain controls for containers with layer 2 network access supports its trustworthiness and robustness to vulnerabilities
ContainerLayer2MitM,CIC-1,"The CI/CD pipeline for the app is secured (regarding code repositories, build environments, secrets, vulnerabilities, signing, auditing ...)",Exposure,2,CI/CD and supply chain controls for containers with layer 2 network access support detection of malicious behaviour and reduce the attack surface of the privileged container
ContainerLayer2MitM,CIC-2,SBOMs are used for the app to track code dependencies,Exploitability,2,CI/CD and supply chain controls for containers with layer 2 network access supports its trustworthiness and robustness to vulnerabilities
ContainerLayer2MitM,CIC-2,SBOMs are used for the app to track code dependencies,Exposure,2,CI/CD and supply chain controls for containers with layer 2 network access support detection of malicious behaviour and reduce the attack surface of the privileged container
ContainerLayer2MitM,CIC-3,Code reviews and automated testing of the app are enforced,Exploitability,2,CI/CD and supply chain controls for containers with layer 2 network access supports its trustworthiness and robustness to vulnerabilities
ContainerLayer2MitM,CIC-3,Code reviews and automated testing of the app are enforced,Exposure,2,CI/CD and supply chain controls for containers with layer 2 network access support detection of malicious behaviour and reduce the attack surface of the privileged container
ContainerLayer2MitM,CIC-4,Third-party components used by the app are validated,Exploitability,2,CI/CD and supply chain controls for containers with layer 2 network access supports its trustworthiness and robustness to vulnerabilities
ContainerLayer2MitM,CIC-4,Third-party components used by the app are validated,Exposure,2,CI/CD and supply chain controls for containers with layer 2 network access support detection of malicious behaviour and reduce the attack surface of the privileged container
ContainerLayer2MitM,CIC-5,The CI/CD pipeline for the app enables reproducible builds,Exploitability,2,CI/CD and supply chain controls for containers with layer 2 network access supports its trustworthiness and robustness to vulnerabilities
ContainerLayer2MitM,CIC-5,The CI/CD pipeline for the app enables reproducible builds,Exposure,2,CI/CD and supply chain controls for containers with layer 2 network access support detection of malicious behaviour and reduce the attack surface of the privileged container
ContainerLayer2MitM,CIC-6,Apps for development and production are not deployed in the same environment,Exploitability,2,CI/CD and supply chain controls for containers with layer 2 network access supports its trustworthiness and robustness to vulnerabilities
ContainerLayer2MitM,CIC-6,Apps for development and production are not deployed in the same environment,Exposure,2,CI/CD and supply chain controls for containers with layer 2 network access support detection of malicious behaviour and reduce the attack surface of the privileged container
ContainerLayer2MitM,CRM-1,Regular risk assessments of apps and host devices are performed,Exploitability,2,Compliance and risk management practices support the assessment of what a container with layer 2 network access can do in a context
ContainerLayer2MitM,CRM-1,Regular risk assessments of apps and host devices are performed,Exposure,2,Compliance and risk management practices support the assessment of how vulnerable to attacks a container with layer 2 network access is
ContainerLayer2MitM,CRM-2,The operation's asset inventory is maintained,Exploitability,2,Compliance and risk management practices support the assessment of what a container with layer 2 network access can do in a context
ContainerLayer2MitM,CRM-2,The operation's asset inventory is maintained,Exposure,2,Compliance and risk management practices support the assessment of how vulnerable to attacks a container with layer 2 network access is
ContainerLayer2MitM,CRM-3,Container security policies along the app lifecycle are documented and enforced,Exploitability,2,Compliance and risk management practices support the assessment of what a container with layer 2 network access can do in a context
ContainerLayer2MitM,CRM-3,Container security policies along the app lifecycle are documented and enforced,Exposure,2,Compliance and risk management practices support the assessment of how vulnerable to attacks a container with layer 2 network access is
ContainerLayer2MitM,CRM-4,Periodic audits and reviews of apps and host devices are conducted,Exploitability,2,Compliance and risk management practices support the assessment of what a container with layer 2 network access can do in a context
ContainerLayer2MitM,CRM-4,Periodic audits and reviews of apps and host devices are conducted,Exposure,2,Compliance and risk management practices support the assessment of how vulnerable to attacks a container with layer 2 network access is
ContainerLayer2MitM,HIS-1,The container runtime on the host device is up to date,Exploitability,0,Host infrastructure security does not make layer 2 network attacks more difficult
ContainerLayer2MitM,HIS-1,The container runtime on the host device is up to date,Exposure,0,Host infrastructure security does not reduce the attack surface of a container with layer 2 network access
ContainerLayer2MitM,HIS-2,The host device is deployed as an immutable infrastructure (e.g. read-only file system),Exploitability,0,Host infrastructure security does not make layer 2 network attacks more difficult
ContainerLayer2MitM,HIS-2,The host device is deployed as an immutable infrastructure (e.g. read-only file system),Exposure,0,Host infrastructure security does not reduce the attack surface of a container with layer 2 network access
ContainerLayer2MitM,HIS-3,The host device is monitored for unauthorized changes,Exploitability,0,Host infrastructure security does not make layer 2 network attacks more difficult
ContainerLayer2MitM,HIS-3,The host device is monitored for unauthorized changes,Exposure,0,Host infrastructure security does not reduce the attack surface of a container with layer 2 network access
ContainerLayer2MitM,IMG-1,App images are scanned for vulnerabilities,Exploitability,0,Container image security practices do not increase the difficulty of intercepting layer 2 network traffic
ContainerLayer2MitM,IMG-1,App images are scanned for vulnerabilities,Exposure,2,Container image security practices reduce the software footprint and the attack surface of a container with access to the layer 2 network
ContainerLayer2MitM,IMG-2,App uses minimal base images,Exploitability,0,Container image security practices do not increase the difficulty of intercepting layer 2 network traffic
ContainerLayer2MitM,IMG-2,App uses minimal base images,Exposure,2,Container image security practices reduce the software footprint and the attack surface of a container with access to the layer 2 network
ContainerLayer2MitM,IMG-3,App images are signed and verified,Exploitability,0,Container image security practices do not increase the difficulty of intercepting layer 2 network traffic
ContainerLayer2MitM,IMG-3,App images are signed and verified,Exposure,2,Container image security practices reduce the software footprint and the attack surface of a container with access to the layer 2 network
ContainerLayer2MitM,IMG-4,Dockerfiles of the app pin the base image version,Exploitability,0,Container image security practices do not increase the difficulty of intercepting layer 2 network traffic
ContainerLayer2MitM,IMG-4,Dockerfiles of the app pin the base image version,Exposure,2,Container image security practices reduce the software footprint and the attack surface of a container with access to the layer 2 network
ContainerLayer2MitM,IMG-5,App images are rebuilt and updated regularly,Exploitability,0,Container image security practices do not increase the difficulty of intercepting layer 2 network traffic
ContainerLayer2MitM,IMG-5,App images are rebuilt and updated regularly,Exposure,2,Container image security practices reduce the software footprint and the attack surface of a container with access to the layer 2 network
ContainerLayer2MitM,IMG-6,Device orchestration only uses trusted image registries,Exploitability,0,Container image security practices do not increase the difficulty of intercepting layer 2 network traffic
ContainerLayer2MitM,IMG-6,Device orchestration only uses trusted image registries,Exposure,2,Container image security practices reduce the software footprint and the attack surface of a container with access to the layer 2 network
ContainerLayer2MitM,MON-1,Container-level logging is enabled,Exploitability,0,Monitoring and detection controls do not make layer 2 network attacks more difficult
ContainerLayer2MitM,MON-1,Container-level logging is enabled,Exposure,1,"Monitoring and detection controls support detection of layer 2 network attacks, but provide limited support to prevent spoofing attacks"
ContainerLayer2MitM,MON-2,Processes on the host device are monitored for anomalous behavior,Exploitability,0,Monitoring and detection controls do not make layer 2 network attacks more difficult
ContainerLayer2MitM,MON-2,Processes on the host device are monitored for anomalous behavior,Exposure,1,"Monitoring and detection controls support detection of layer 2 network attacks, but provide limited support to prevent spoofing attacks"
ContainerLayer2MitM,MON-3,"Runtime security tools (e.g. Falco, Trivy) are used",Exploitability,0,Monitoring and detection controls do not make layer 2 network attacks more difficult
ContainerLayer2MitM,MON-3,"Runtime security tools (e.g. Falco, Trivy) are used",Exposure,1,"Monitoring and detection controls support detection of layer 2 network attacks, but provide limited support to prevent spoofing attacks"
ContainerLayer2MitM,MON-4,Incident response procedures are implemented,Exploitability,0,Monitoring and detection controls do not make layer 2 network attacks more difficult
ContainerLayer2MitM,MON-4,Incident response procedures are implemented,Exposure,1,"Monitoring and detection controls support detection of layer 2 network attacks, but provide limited support to prevent spoofing attacks"
ContainerLayer2MitM,MON-5,Logs are centralized and protected,Exploitability,0,Monitoring and detection controls do not make layer 2 network attacks more difficult
ContainerLayer2MitM,MON-5,Logs are centralized and protected,Exposure,1,"Monitoring and detection controls support detection of layer 2 network attacks, but provide limited support to prevent spoofing attacks"
ContainerLayer2MitM,MON-6,Decoy containers (honeypots) are deployed on the device to detect malicious activity,Exploitability,0,Monitoring and detection controls do not make layer 2 network attacks more difficult
ContainerLayer2MitM,MON-6,Decoy containers (honeypots) are deployed on the device to detect malicious activity,Exposure,1,"Monitoring and detection controls support detection of layer 2 network attacks, but provide limited support to prevent spoofing attacks"
ContainerLayer2MitM,MON-7,Container API calls and orchestration events are monitored for anomalies,Exploitability,0,Monitoring and detection controls do not make layer 2 network attacks more difficult
ContainerLayer2MitM,MON-7,Container API calls and orchestration events are monitored for anomalies,Exposure,1,"Monitoring and detection controls support detection of layer 2 network attacks, but provide limited support to prevent spoofing attacks"
ContainerLayer2MitM,MON-8,Alerts are triggered for unauthorized access attempts to container registries or APIs,Exploitability,0,Monitoring and detection controls do not make layer 2 network attacks more difficult
ContainerLayer2MitM,MON-8,Alerts are triggered for unauthorized access attempts to container registries or APIs,Exposure,1,"Monitoring and detection controls support detection of layer 2 network attacks, but provide limited support to prevent spoofing attacks"
ContainerLayer2MitM,NET-1,App container networks are segmented,Exploitability,3,Network security controls determine traffic flow to and from the host system in the layer 2 network and what the container can access
ContainerLayer2MitM,NET-1,App container networks are segmented,Exposure,3,Network security controls limit network access and reduce attack surface for a container with layer 2 network access
ContainerLayer2MitM,NET-2,Host-level firewall rules and network policies are applied,Exploitability,3,Network security controls determine traffic flow to and from the host system in the layer 2 network and what the container can access
ContainerLayer2MitM,NET-2,Host-level firewall rules and network policies are applied,Exposure,3,Network security controls limit network access and reduce attack surface for a container with layer 2 network access
ContainerLayer2MitM,NET-3,Inter-container communication is encrypted,Exploitability,3,Network security controls determine traffic flow to and from the host system in the layer 2 network and what the container can access
ContainerLayer2MitM,NET-3,Inter-container communication is encrypted,Exposure,3,Network security controls limit network access and reduce attack surface for a container with layer 2 network access
ContainerLayer2MitM,NET-4,Ingress/egress controls for containers are implemented,Exploitability,3,Network security controls determine traffic flow to and from the host system in the layer 2 network and what the container can access
ContainerLayer2MitM,NET-4,Ingress/egress controls for containers are implemented,Exposure,3,Network security controls limit network access and reduce attack surface for a container with layer 2 network access
ContainerLayer2MitM,RTS-1,App containers are run as non-root user,Exploitability,0,Runtime security controls do not increase the difficulty of intercepting layer 2 network traffic
ContainerLayer2MitM,RTS-1,App containers are run as non-root user,Exposure,0,Runtime security controls do not reduce the attack surface presented by a container with layer 2 network access
ContainerLayer2MitM,RTS-2,App containers use read-only file systems,Exploitability,0,Runtime security controls do not increase the difficulty of intercepting layer 2 network traffic
ContainerLayer2MitM,RTS-2,App containers use read-only file systems,Exposure,0,Runtime security controls do not reduce the attack surface presented by a container with layer 2 network access
ContainerLayer2MitM,RTS-3,App containers are deployed with minimal Linux capabilities,Exploitability,0,Runtime security controls do not increase the difficulty of intercepting layer 2 network traffic
ContainerLayer2MitM,RTS-3,App containers are deployed with minimal Linux capabilities,Exposure,0,Runtime security controls do not reduce the attack surface presented by a container with layer 2 network access
ContainerLayer2MitM,RTS-4,Seccomp is implemented on the device,Exploitability,0,Runtime security controls do not increase the difficulty of intercepting layer 2 network traffic
ContainerLayer2MitM,RTS-4,Seccomp is implemented on the device,Exposure,0,Runtime security controls do not reduce the attack surface presented by a container with layer 2 network access
ContainerLayer2MitM,RTS-5,AppArmor is implemented on the device,Exploitability,0,Runtime security controls do not increase the difficulty of intercepting layer 2 network traffic
ContainerLayer2MitM,RTS-5,AppArmor is implemented on the device,Exposure,0,Runtime security controls do not reduce the attack surface presented by a container with layer 2 network access
ContainerLayer2MitM,RTS-6,SELinux is implemented on the device,Exploitability,0,Runtime security controls do not increase the difficulty of intercepting layer 2 network traffic
ContainerLayer2MitM,RTS-6,SELinux is implemented on the device,Exposure,0,Runtime security controls do not reduce the attack surface presented by a container with layer 2 network access
ContainerLayer2MitM,RTS-7,App containers have minimal access to host resources,Exploitability,0,Runtime security controls do not increase the difficulty of intercepting layer 2 network traffic
ContainerLayer2MitM,RTS-7,App containers have minimal access to host resources,Exposure,0,Runtime security controls do not reduce the attack surface presented by a container with layer 2 network access
ContainerLayer2MitM,SCM-1,Secure secrets management tools (e.g. vaults or secrets manager) are used,Exploitability,0,Secrets management does not make layer 2 network attacks more difficult
ContainerLayer2MitM,SCM-1,Secure secrets management tools (e.g. vaults or secrets manager) are used,Exposure,0,Secrets management does not support detection of layer 2 network attacks
ContainerLayer2MitM,SCM-2,Apps do not contain any hardcoded secrets,Exploitability,0,Secrets management does not make layer 2 network attacks more difficult
ContainerLayer2MitM,SCM-2,Apps do not contain any hardcoded secrets,Exposure,0,Secrets management does not support detection of layer 2 network attacks
ContainerLayer2MitM,SCM-3,Secrets at rest and in transit are encrypted,Exploitability,0,Secrets management does not make layer 2 network attacks more difficult
ContainerLayer2MitM,SCM-3,Secrets at rest and in transit are encrypted,Exposure,0,Secrets management does not support detection of layer 2 network attacks
ContainerLayer2MitM,SCM-4,Automatic secret rotation and revocation policies are implemented,Exploitability,0,Secrets management does not make layer 2 network attacks more difficult
ContainerLayer2MitM,SCM-4,Automatic secret rotation and revocation policies are implemented,Exposure,0,Secrets management does not support detection of layer 2 network attacks
ContainerNetworkBridgeEvasion,AUTH-1,Authentication for exposed container APIs is enforced,Exploitability,0,Authentication and access controls do not make network configuration modification more difficult
ContainerNetworkBridgeEvasion,AUTH-1,Authentication for exposed container APIs is enforced,Exposure,2,Authentication and access controls prevent unauthorized access to the container with the network privileges
ContainerNetworkBridgeEvasion,AUTH-2,Role-based access control is used for orchestration and container management,Exploitability,0,Authentication and access controls do not make network configuration modification more difficult
ContainerNetworkBridgeEvasion,AUTH-2,Role-based access control is used for orchestration and container management,Exposure,2,Authentication and access controls prevent unauthorized access to the container with the network privileges
ContainerNetworkBridgeEvasion,AUTH-3,"Access to container management interfaces (e.g., Docker socket) is restricted",Exploitability,0,Authentication and access controls do not make network configuration modification more difficult
ContainerNetworkBridgeEvasion,AUTH-3,"Access to container management interfaces (e.g., Docker socket) is restricted",Exposure,2,Authentication and access controls prevent unauthorized access to the container with the network privileges
ContainerNetworkBridgeEvasion,CIC-1,"The CI/CD pipeline for the app is secured (regarding code repositories, build environments, secrets, vulnerabilities, signing, auditing ...)",Exploitability,1,CI/CD and supply chain controls prevent introduction of vulnerabilities to containers with networking privileges
ContainerNetworkBridgeEvasion,CIC-1,"The CI/CD pipeline for the app is secured (regarding code repositories, build environments, secrets, vulnerabilities, signing, auditing ...)",Exposure,1,CI/CD and supply chain controls help to reduce the attack surface of a container with networking privileges
ContainerNetworkBridgeEvasion,CIC-2,SBOMs are used for the app to track code dependencies,Exploitability,1,CI/CD and supply chain controls prevent introduction of vulnerabilities to containers with networking privileges
ContainerNetworkBridgeEvasion,CIC-2,SBOMs are used for the app to track code dependencies,Exposure,1,CI/CD and supply chain controls help to reduce the attack surface of a container with networking privileges
ContainerNetworkBridgeEvasion,CIC-3,Code reviews and automated testing of the app are enforced,Exploitability,1,CI/CD and supply chain controls prevent introduction of vulnerabilities to containers with networking privileges
ContainerNetworkBridgeEvasion,CIC-3,Code reviews and automated testing of the app are enforced,Exposure,1,CI/CD and supply chain controls help to reduce the attack surface of a container with networking privileges
ContainerNetworkBridgeEvasion,CIC-4,Third-party components used by the app are validated,Exploitability,1,CI/CD and supply chain controls prevent introduction of vulnerabilities to containers with networking privileges
ContainerNetworkBridgeEvasion,CIC-4,Third-party components used by the app are validated,Exposure,1,CI/CD and supply chain controls help to reduce the attack surface of a container with networking privileges
ContainerNetworkBridgeEvasion,CIC-5,The CI/CD pipeline for the app enables reproducible builds,Exploitability,1,CI/CD and supply chain controls prevent introduction of vulnerabilities to containers with networking privileges
ContainerNetworkBridgeEvasion,CIC-5,The CI/CD pipeline for the app enables reproducible builds,Exposure,1,CI/CD and supply chain controls help to reduce the attack surface of a container with networking privileges
ContainerNetworkBridgeEvasion,CIC-6,Apps for development and production are not deployed in the same environment,Exploitability,1,CI/CD and supply chain controls prevent introduction of vulnerabilities to containers with networking privileges
ContainerNetworkBridgeEvasion,CIC-6,Apps for development and production are not deployed in the same environment,Exposure,1,CI/CD and supply chain controls help to reduce the attack surface of a container with networking privileges
ContainerNetworkBridgeEvasion,CRM-1,Regular risk assessments of apps and host devices are performed,Exploitability,2,Compliance and risk management helps to assess how a container with networking privileges can damage the production environment
ContainerNetworkBridgeEvasion,CRM-1,Regular risk assessments of apps and host devices are performed,Exposure,2,Compliance and risk management practices help to assess measures to restric access to a container with networking privileges
ContainerNetworkBridgeEvasion,CRM-2,The operation's asset inventory is maintained,Exploitability,2,Compliance and risk management helps to assess how a container with networking privileges can damage the production environment
ContainerNetworkBridgeEvasion,CRM-2,The operation's asset inventory is maintained,Exposure,2,Compliance and risk management practices help to assess measures to restric access to a container with networking privileges
ContainerNetworkBridgeEvasion,CRM-3,Container security policies along the app lifecycle are documented and enforced,Exploitability,2,Compliance and risk management helps to assess how a container with networking privileges can damage the production environment
ContainerNetworkBridgeEvasion,CRM-3,Container security policies along the app lifecycle are documented and enforced,Exposure,2,Compliance and risk management practices help to assess measures to restric access to a container with networking privileges
ContainerNetworkBridgeEvasion,CRM-4,Periodic audits and reviews of apps and host devices are conducted,Exploitability,2,Compliance and risk management helps to assess how a container with networking privileges can damage the production environment
ContainerNetworkBridgeEvasion,CRM-4,Periodic audits and reviews of apps and host devices are conducted,Exposure,2,Compliance and risk management practices help to assess measures to restric access to a container with networking privileges
ContainerNetworkBridgeEvasion,HIS-1,The container runtime on the host device is up to date,Exploitability,0,Host infrastructure security does not make network configuration manipulation more difficult
ContainerNetworkBridgeEvasion,HIS-1,The container runtime on the host device is up to date,Exposure,0,The status of the container runtime does not reduce the attack surface of a container with networking privileges
ContainerNetworkBridgeEvasion,HIS-2,The host device is deployed as an immutable infrastructure (e.g. read-only file system),Exploitability,0,Host infrastructure security does not make network configuration manipulation more difficult
ContainerNetworkBridgeEvasion,HIS-2,The host device is deployed as an immutable infrastructure (e.g. read-only file system),Exposure,2,Configuring the host network configuration as immutable and monitoring changes increases the likelihood of detecting malicious activities
ContainerNetworkBridgeEvasion,HIS-3,The host device is monitored for unauthorized changes,Exploitability,0,Host infrastructure security does not make network configuration manipulation more difficult
ContainerNetworkBridgeEvasion,HIS-3,The host device is monitored for unauthorized changes,Exposure,2,Configuring the host network configuration as immutable and monitoring changes increases the likelihood of detecting malicious activities
ContainerNetworkBridgeEvasion,IMG-1,App images are scanned for vulnerabilities,Exploitability,0,Container image security practices do not make manipulating network configuration more difficult
ContainerNetworkBridgeEvasion,IMG-1,App images are scanned for vulnerabilities,Exposure,1,Container image security practices reduce the software footprint and likelihood of identifying malicious container design
ContainerNetworkBridgeEvasion,IMG-2,App uses minimal base images,Exploitability,0,Container image security practices do not make manipulating network configuration more difficult
ContainerNetworkBridgeEvasion,IMG-2,App uses minimal base images,Exposure,1,Container image security practices reduce the software footprint and likelihood of identifying malicious container design
ContainerNetworkBridgeEvasion,IMG-3,App images are signed and verified,Exploitability,0,Container image security practices do not make manipulating network configuration more difficult
ContainerNetworkBridgeEvasion,IMG-3,App images are signed and verified,Exposure,1,Container image security practices reduce the software footprint and likelihood of identifying malicious container design
ContainerNetworkBridgeEvasion,IMG-4,Dockerfiles of the app pin the base image version,Exploitability,0,Container image security practices do not make manipulating network configuration more difficult
ContainerNetworkBridgeEvasion,IMG-4,Dockerfiles of the app pin the base image version,Exposure,1,Container image security practices reduce the software footprint and likelihood of identifying malicious container design
ContainerNetworkBridgeEvasion,IMG-5,App images are rebuilt and updated regularly,Exploitability,0,Container image security practices do not make manipulating network configuration more difficult
ContainerNetworkBridgeEvasion,IMG-5,App images are rebuilt and updated regularly,Exposure,1,Container image security practices reduce the software footprint and likelihood of identifying malicious container design
ContainerNetworkBridgeEvasion,IMG-6,Device orchestration only uses trusted image registries,Exploitability,0,Container image security practices do not make manipulating network configuration more difficult
ContainerNetworkBridgeEvasion,IMG-6,Device orchestration only uses trusted image registries,Exposure,1,Container image security practices reduce the software footprint and likelihood of identifying malicious container design
ContainerNetworkBridgeEvasion,MON-1,Container-level logging is enabled,Exploitability,0,Monitoring and detection controls do not make network configuration manipulation more difficult
ContainerNetworkBridgeEvasion,MON-1,Container-level logging is enabled,Exposure,2,Activities of a privileged network container should be monitored to detect malicious activities
ContainerNetworkBridgeEvasion,MON-2,Processes on the host device are monitored for anomalous behavior,Exploitability,0,Monitoring and detection controls do not make network configuration manipulation more difficult
ContainerNetworkBridgeEvasion,MON-2,Processes on the host device are monitored for anomalous behavior,Exposure,2,Activities of a privileged network container should be monitored to detect malicious activities
ContainerNetworkBridgeEvasion,MON-3,"Runtime security tools (e.g. Falco, Trivy) are used",Exploitability,0,Monitoring and detection controls do not make network configuration manipulation more difficult
ContainerNetworkBridgeEvasion,MON-3,"Runtime security tools (e.g. Falco, Trivy) are used",Exposure,2,Activities of a privileged network container should be monitored to detect malicious activities
ContainerNetworkBridgeEvasion,MON-4,Incident response procedures are implemented,Exploitability,0,Monitoring and detection controls do not make network configuration manipulation more difficult
ContainerNetworkBridgeEvasion,MON-4,Incident response procedures are implemented,Exposure,2,Activities of a privileged network container should be monitored to detect malicious activities
ContainerNetworkBridgeEvasion,MON-5,Logs are centralized and protected,Exploitability,0,Monitoring and detection controls do not make network configuration manipulation more difficult
ContainerNetworkBridgeEvasion,MON-5,Logs are centralized and protected,Exposure,2,Activities of a privileged network container should be monitored to detect malicious activities
ContainerNetworkBridgeEvasion,MON-6,Decoy containers (honeypots) are deployed on the device to detect malicious activity,Exploitability,0,Monitoring and detection controls do not make network configuration manipulation more difficult
ContainerNetworkBridgeEvasion,MON-6,Decoy containers (honeypots) are deployed on the device to detect malicious activity,Exposure,2,Activities of a privileged network container should be monitored to detect malicious activities
ContainerNetworkBridgeEvasion,MON-7,Container API calls and orchestration events are monitored for anomalies,Exploitability,0,Monitoring and detection controls do not make network configuration manipulation more difficult
ContainerNetworkBridgeEvasion,MON-7,Container API calls and orchestration events are monitored for anomalies,Exposure,2,Activities of a privileged network container should be monitored to detect malicious activities
ContainerNetworkBridgeEvasion,MON-8,Alerts are triggered for unauthorized access attempts to container registries or APIs,Exploitability,0,Monitoring and detection controls do not make network configuration manipulation more difficult
ContainerNetworkBridgeEvasion,MON-8,Alerts are triggered for unauthorized access attempts to container registries or APIs,Exposure,2,Activities of a privileged network container should be monitored to detect malicious activities
ContainerNetworkBridgeEvasion,NET-1,App container networks are segmented,Exploitability,0,Network security controls do not make manipulating network configuration more difficult
ContainerNetworkBridgeEvasion,NET-1,App container networks are segmented,Exposure,3,Network security controls greatly improve the isolation of the privileged container and reduce the attack surface
ContainerNetworkBridgeEvasion,NET-2,Host-level firewall rules and network policies are applied,Exploitability,0,Network security controls do not make manipulating network configuration more difficult
ContainerNetworkBridgeEvasion,NET-2,Host-level firewall rules and network policies are applied,Exposure,3,Network security controls greatly improve the isolation of the privileged container and reduce the attack surface
ContainerNetworkBridgeEvasion,NET-3,Inter-container communication is encrypted,Exploitability,0,Network security controls do not make manipulating network configuration more difficult
ContainerNetworkBridgeEvasion,NET-3,Inter-container communication is encrypted,Exposure,3,Network security controls greatly improve the isolation of the privileged container and reduce the attack surface
ContainerNetworkBridgeEvasion,NET-4,Ingress/egress controls for containers are implemented,Exploitability,0,Network security controls do not make manipulating network configuration more difficult
ContainerNetworkBridgeEvasion,NET-4,Ingress/egress controls for containers are implemented,Exposure,3,Network security controls greatly improve the isolation of the privileged container and reduce the attack surface
ContainerNetworkBridgeEvasion,RTS-1,App containers are run as non-root user,Exploitability,3,Using a non-root user for the container makes it more difficult gain access to and modify host network configuration
ContainerNetworkBridgeEvasion,RTS-1,App containers are run as non-root user,Exposure,0,Runtime security controls do not reduce the attack surface for network hijacking or support detection of malicious activities
ContainerNetworkBridgeEvasion,RTS-2,App containers use read-only file systems,Exploitability,0,Runtime security controls do not make manipulation of network configuration more difficult
ContainerNetworkBridgeEvasion,RTS-2,App containers use read-only file systems,Exposure,0,Runtime security controls do not reduce the attack surface for network hijacking or support detection of malicious activities
ContainerNetworkBridgeEvasion,RTS-3,App containers are deployed with minimal Linux capabilities,Exploitability,0,Runtime security controls do not make manipulation of network configuration more difficult
ContainerNetworkBridgeEvasion,RTS-3,App containers are deployed with minimal Linux capabilities,Exposure,0,Runtime security controls do not reduce the attack surface for network hijacking or support detection of malicious activities
ContainerNetworkBridgeEvasion,RTS-4,Seccomp is implemented on the device,Exploitability,0,Runtime security controls do not make manipulation of network configuration more difficult
ContainerNetworkBridgeEvasion,RTS-4,Seccomp is implemented on the device,Exposure,0,Runtime security controls do not reduce the attack surface for network hijacking or support detection of malicious activities
ContainerNetworkBridgeEvasion,RTS-5,AppArmor is implemented on the device,Exploitability,0,Runtime security controls do not make manipulation of network configuration more difficult
ContainerNetworkBridgeEvasion,RTS-5,AppArmor is implemented on the device,Exposure,0,Runtime security controls do not reduce the attack surface for network hijacking or support detection of malicious activities
ContainerNetworkBridgeEvasion,RTS-6,SELinux is implemented on the device,Exploitability,0,Runtime security controls do not make manipulation of network configuration more difficult
ContainerNetworkBridgeEvasion,RTS-6,SELinux is implemented on the device,Exposure,0,Runtime security controls do not reduce the attack surface for network hijacking or support detection of malicious activities
ContainerNetworkBridgeEvasion,RTS-7,App containers have minimal access to host resources,Exploitability,0,Runtime security controls do not make manipulation of network configuration more difficult
ContainerNetworkBridgeEvasion,RTS-7,App containers have minimal access to host resources,Exposure,0,Runtime security controls do not reduce the attack surface for network hijacking or support detection of malicious activities
ContainerNetworkBridgeEvasion,SCM-1,Secure secrets management tools (e.g. vaults or secrets manager) are used,Exploitability,0,Secrets management controls do not increase the efforts and difficulty for network configuration manipulation
ContainerNetworkBridgeEvasion,SCM-1,Secure secrets management tools (e.g. vaults or secrets manager) are used,Exposure,0,Secure secrets management does not reduce the attack surface posed by a privileged network container and does not support detection of configuration manipulation
ContainerNetworkBridgeEvasion,SCM-2,Apps do not contain any hardcoded secrets,Exploitability,0,Secrets management controls do not increase the efforts and difficulty for network configuration manipulation
ContainerNetworkBridgeEvasion,SCM-2,Apps do not contain any hardcoded secrets,Exposure,0,Secure secrets management does not reduce the attack surface posed by a privileged network container and does not support detection of configuration manipulation
ContainerNetworkBridgeEvasion,SCM-3,Secrets at rest and in transit are encrypted,Exploitability,0,Secrets management controls do not increase the efforts and difficulty for network configuration manipulation
ContainerNetworkBridgeEvasion,SCM-3,Secrets at rest and in transit are encrypted,Exposure,0,Secure secrets management does not reduce the attack surface posed by a privileged network container and does not support detection of configuration manipulation
ContainerNetworkBridgeEvasion,SCM-4,Automatic secret rotation and revocation policies are implemented,Exploitability,0,Secrets management controls do not increase the efforts and difficulty for network configuration manipulation
ContainerNetworkBridgeEvasion,SCM-4,Automatic secret rotation and revocation policies are implemented,Exposure,0,Secure secrets management does not reduce the attack surface posed by a privileged network container and does not support detection of configuration manipulation
ContainerOTNetworkAttack,AUTH-1,Authentication for exposed container APIs is enforced,Exploitability,0,Authentication and access controls do not make layer 2 network attacks more difficult
ContainerOTNetworkAttack,AUTH-1,Authentication for exposed container APIs is enforced,Exposure,2,Authentication and access controls reduce the attack surface of the container with layer 2 network access
ContainerOTNetworkAttack,AUTH-2,Role-based access control is used for orchestration and container management,Exploitability,0,Authentication and access controls do not make layer 2 network attacks more difficult
ContainerOTNetworkAttack,AUTH-2,Role-based access control is used for orchestration and container management,Exposure,2,Authentication and access controls reduce the attack surface of the container with layer 2 network access
ContainerOTNetworkAttack,AUTH-3,"Access to container management interfaces (e.g., Docker socket) is restricted",Exploitability,0,Authentication and access controls do not make layer 2 network attacks more difficult
ContainerOTNetworkAttack,AUTH-3,"Access to container management interfaces (e.g., Docker socket) is restricted",Exposure,2,Authentication and access controls reduce the attack surface of the container with layer 2 network access
ContainerOTNetworkAttack,CIC-1,"The CI/CD pipeline for the app is secured (regarding code repositories, build environments, secrets, vulnerabilities, signing, auditing ...)",Exploitability,2,CI/CD and supply chain controls for containers with layer 2 network access supports its trustworthiness and robustness to vulnerabilities
ContainerOTNetworkAttack,CIC-1,"The CI/CD pipeline for the app is secured (regarding code repositories, build environments, secrets, vulnerabilities, signing, auditing ...)",Exposure,2,CI/CD and supply chain controls for containers with layer 2 network access support detection of malicious behaviour and reduce the attack surface of the privileged container
ContainerOTNetworkAttack,CIC-2,SBOMs are used for the app to track code dependencies,Exploitability,2,CI/CD and supply chain controls for containers with layer 2 network access supports its trustworthiness and robustness to vulnerabilities
ContainerOTNetworkAttack,CIC-2,SBOMs are used for the app to track code dependencies,Exposure,2,CI/CD and supply chain controls for containers with layer 2 network access support detection of malicious behaviour and reduce the attack surface of the privileged container
ContainerOTNetworkAttack,CIC-3,Code reviews and automated testing of the app are enforced,Exploitability,2,CI/CD and supply chain controls for containers with layer 2 network access supports its trustworthiness and robustness to vulnerabilities
ContainerOTNetworkAttack,CIC-3,Code reviews and automated testing of the app are enforced,Exposure,2,CI/CD and supply chain controls for containers with layer 2 network access support detection of malicious behaviour and reduce the attack surface of the privileged container
ContainerOTNetworkAttack,CIC-4,Third-party components used by the app are validated,Exploitability,2,CI/CD and supply chain controls for containers with layer 2 network access supports its trustworthiness and robustness to vulnerabilities
ContainerOTNetworkAttack,CIC-4,Third-party components used by the app are validated,Exposure,2,CI/CD and supply chain controls for containers with layer 2 network access support detection of malicious behaviour and reduce the attack surface of the privileged container
ContainerOTNetworkAttack,CIC-5,The CI/CD pipeline for the app enables reproducible builds,Exploitability,2,CI/CD and supply chain controls for containers with layer 2 network access supports its trustworthiness and robustness to vulnerabilities
ContainerOTNetworkAttack,CIC-5,The CI/CD pipeline for the app enables reproducible builds,Exposure,2,CI/CD and supply chain controls for containers with layer 2 network access support detection of malicious behaviour and reduce the attack surface of the privileged container
ContainerOTNetworkAttack,CIC-6,Apps for development and production are not deployed in the same environment,Exploitability,2,CI/CD and supply chain controls for containers with layer 2 network access supports its trustworthiness and robustness to vulnerabilities
ContainerOTNetworkAttack,CIC-6,Apps for development and production are not deployed in the same environment,Exposure,2,CI/CD and supply chain controls for containers with layer 2 network access support detection of malicious behaviour and reduce the attack surface of the privileged container
ContainerOTNetworkAttack,CRM-1,Regular risk assessments of apps and host devices are performed,Exploitability,2,Compliance and risk management practices support the assessment of what a container with layer 2 network access can do in a context
ContainerOTNetworkAttack,CRM-1,Regular risk assessments of apps and host devices are performed,Exposure,2,Compliance and risk management practices support the assessment of how vulnerable to attacks a container with layer 2 network access is
ContainerOTNetworkAttack,CRM-2,The operation's asset inventory is maintained,Exploitability,2,Compliance and risk management practices support the assessment of what a container with layer 2 network access can do in a context
ContainerOTNetworkAttack,CRM-2,The operation's asset inventory is maintained,Exposure,2,Compliance and risk management practices support the assessment of how vulnerable to attacks a container with layer 2 network access is
ContainerOTNetworkAttack,CRM-3,Container security policies along the app lifecycle are documented and enforced,Exploitability,2,Compliance and risk management practices support the assessment of what a container with layer 2 network access can do in a context
ContainerOTNetworkAttack,CRM-3,Container security policies along the app lifecycle are documented and enforced,Exposure,2,Compliance and risk management practices support the assessment of how vulnerable to attacks a container with layer 2 network access is
ContainerOTNetworkAttack,CRM-4,Periodic audits and reviews of apps and host devices are conducted,Exploitability,2,Compliance and risk management practices support the assessment of what a container with layer 2 network access can do in a context
ContainerOTNetworkAttack,CRM-4,Periodic audits and reviews of apps and host devices are conducted,Exposure,2,Compliance and risk management practices support the assessment of how vulnerable to attacks a container with layer 2 network access is
ContainerOTNetworkAttack,HIS-1,The container runtime on the host device is up to date,Exploitability,0,Host infrastructure security does not make layer 2 network attacks more difficult
ContainerOTNetworkAttack,HIS-1,The container runtime on the host device is up to date,Exposure,0,Host infrastructure security does not reduce the attack surface of a container with layer 2 network access
ContainerOTNetworkAttack,HIS-2,The host device is deployed as an immutable infrastructure (e.g. read-only file system),Exploitability,0,Host infrastructure security does not make layer 2 network attacks more difficult
ContainerOTNetworkAttack,HIS-2,The host device is deployed as an immutable infrastructure (e.g. read-only file system),Exposure,0,Host infrastructure security does not reduce the attack surface of a container with layer 2 network access
ContainerOTNetworkAttack,HIS-3,The host device is monitored for unauthorized changes,Exploitability,0,Host infrastructure security does not make layer 2 network attacks more difficult
ContainerOTNetworkAttack,HIS-3,The host device is monitored for unauthorized changes,Exposure,0,Host infrastructure security does not reduce the attack surface of a container with layer 2 network access
ContainerOTNetworkAttack,IMG-1,App images are scanned for vulnerabilities,Exploitability,0,Medium effect - reduces malicious code in images
ContainerOTNetworkAttack,IMG-1,App images are scanned for vulnerabilities,Exposure,2,Container image security practices reduce the software footprint and the attack surface of a container with access to the layer 2 network
ContainerOTNetworkAttack,IMG-2,App uses minimal base images,Exploitability,0,Container image security practices do not increase the difficulty of intercepting layer 2 network traffic
ContainerOTNetworkAttack,IMG-2,App uses minimal base images,Exposure,2,Container image security practices reduce the software footprint and the attack surface of a container with access to the layer 2 network
ContainerOTNetworkAttack,IMG-3,App images are signed and verified,Exploitability,0,Container image security practices do not increase the difficulty of intercepting layer 2 network traffic
ContainerOTNetworkAttack,IMG-3,App images are signed and verified,Exposure,2,Container image security practices reduce the software footprint and the attack surface of a container with access to the layer 2 network
ContainerOTNetworkAttack,IMG-4,Dockerfiles of the app pin the base image version,Exploitability,0,Container image security practices do not increase the difficulty of intercepting layer 2 network traffic
ContainerOTNetworkAttack,IMG-4,Dockerfiles of the app pin the base image version,Exposure,2,Container image security practices reduce the software footprint and the attack surface of a container with access to the layer 2 network
ContainerOTNetworkAttack,IMG-5,App images are rebuilt and updated regularly,Exploitability,0,Container image security practices do not increase the difficulty of intercepting layer 2 network traffic
ContainerOTNetworkAttack,IMG-5,App images are rebuilt and updated regularly,Exposure,2,Container image security practices reduce the software footprint and the attack surface of a container with access to the layer 2 network
ContainerOTNetworkAttack,IMG-6,Device orchestration only uses trusted image registries,Exploitability,0,Container image security practices do not increase the difficulty of intercepting layer 2 network traffic
ContainerOTNetworkAttack,IMG-6,Device orchestration only uses trusted image registries,Exposure,2,Container image security practices reduce the software footprint and the attack surface of a container with access to the layer 2 network
ContainerOTNetworkAttack,MON-1,Container-level logging is enabled,Exploitability,0,Monitoring and detection controls do not make layer 2 network attacks more difficult
ContainerOTNetworkAttack,MON-1,Container-level logging is enabled,Exposure,1,"Monitoring and detection controls support detection of layer 2 network attacks, but provide limited support to prevent spoofing attacks"
ContainerOTNetworkAttack,MON-2,Processes on the host device are monitored for anomalous behavior,Exploitability,0,Monitoring and detection controls do not make layer 2 network attacks more difficult
ContainerOTNetworkAttack,MON-2,Processes on the host device are monitored for anomalous behavior,Exposure,1,"Monitoring and detection controls support detection of layer 2 network attacks, but provide limited support to prevent spoofing attacks"
ContainerOTNetworkAttack,MON-3,"Runtime security tools (e.g. Falco, Trivy) are used",Exploitability,0,Monitoring and detection controls do not make layer 2 network attacks more difficult
ContainerOTNetworkAttack,MON-3,"Runtime security tools (e.g. Falco, Trivy) are used",Exposure,1,"Monitoring and detection controls support detection of layer 2 network attacks, but provide limited support to prevent spoofing attacks"
ContainerOTNetworkAttack,MON-4,Incident response procedures are implemented,Exploitability,0,Monitoring and detection controls do not make layer 2 network attacks more difficult
ContainerOTNetworkAttack,MON-4,Incident response procedures are implemented,Exposure,1,"Monitoring and detection controls support detection of layer 2 network attacks, but provide limited support to prevent spoofing attacks"
ContainerOTNetworkAttack,MON-5,Logs are centralized and protected,Exploitability,0,Monitoring and detection controls do not make layer 2 network attacks more difficult
ContainerOTNetworkAttack,MON-5,Logs are centralized and protected,Exposure,1,"Monitoring and detection controls support detection of layer 2 network attacks, but provide limited support to prevent spoofing attacks"
ContainerOTNetworkAttack,MON-6,Decoy containers (honeypots) are deployed on the device to detect malicious activity,Exploitability,0,Monitoring and detection controls do not make layer 2 network attacks more difficult
ContainerOTNetworkAttack,MON-6,Decoy containers (honeypots) are deployed on the device to detect malicious activity,Exposure,1,"Monitoring and detection controls support detection of layer 2 network attacks, but provide limited support to prevent spoofing attacks"
ContainerOTNetworkAttack,MON-7,Container API calls and orchestration events are monitored for anomalies,Exploitability,0,Monitoring and detection controls do not make layer 2 network attacks more difficult
ContainerOTNetworkAttack,MON-7,Container API calls and orchestration events are monitored for anomalies,Exposure,1,"Monitoring and detection controls support detection of layer 2 network attacks, but provide limited support to prevent spoofing attacks"
ContainerOTNetworkAttack,MON-8,Alerts are triggered for unauthorized access attempts to container registries or APIs,Exploitability,0,Monitoring and detection controls do not make layer 2 network attacks more difficult
ContainerOTNetworkAttack,MON-8,Alerts are triggered for unauthorized access attempts to container registries or APIs,Exposure,1,"Monitoring and detection controls support detection of layer 2 network attacks, but provide limited support to prevent spoofing attacks"
ContainerOTNetworkAttack,NET-1,App container networks are segmented,Exploitability,3,Network security controls determine traffic flow to and from the host system in the layer 2 network and what the container can access
ContainerOTNetworkAttack,NET-1,App container networks are segmented,Exposure,3,Network security controls limit network access and reduce attack surface for a container with layer 2 network access
ContainerOTNetworkAttack,NET-2,Host-level firewall rules and network policies are applied,Exploitability,3,Network security controls determine traffic flow to and from the host system in the layer 2 network and what the container can access
ContainerOTNetworkAttack,NET-2,Host-level firewall rules and network policies are applied,Exposure,3,Network security controls limit network access and reduce attack surface for a container with layer 2 network access
ContainerOTNetworkAttack,NET-3,Inter-container communication is encrypted,Exploitability,3,Network security controls determine traffic flow to and from the host system in the layer 2 network and what the container can access
ContainerOTNetworkAttack,NET-3,Inter-container communication is encrypted,Exposure,3,Network security controls limit network access and reduce attack surface for a container with layer 2 network access
ContainerOTNetworkAttack,NET-4,Ingress/egress controls for containers are implemented,Exploitability,3,Network security controls determine traffic flow to and from the host system in the layer 2 network and what the container can access
ContainerOTNetworkAttack,NET-4,Ingress/egress controls for containers are implemented,Exposure,3,Network security controls limit network access and reduce attack surface for a container with layer 2 network access
ContainerOTNetworkAttack,RTS-1,App containers are run as non-root user,Exploitability,0,Medium effect - reduces ability to manipulate network protocols
ContainerOTNetworkAttack,RTS-1,App containers are run as non-root user,Exposure,0,Runtime security controls do not reduce the attack surface presented by a container with layer 2 network access
ContainerOTNetworkAttack,RTS-2,App containers use read-only file systems,Exploitability,0,Runtime security controls do not increase the difficulty of intercepting layer 2 network traffic
ContainerOTNetworkAttack,RTS-2,App containers use read-only file systems,Exposure,0,Runtime security controls do not reduce the attack surface presented by a container with layer 2 network access
ContainerOTNetworkAttack,RTS-3,App containers are deployed with minimal Linux capabilities,Exploitability,0,High effect - without CAP_NET_ADMIN protocol manipulation is prevented
ContainerOTNetworkAttack,RTS-3,App containers are deployed with minimal Linux capabilities,Exposure,0,Runtime security controls do not reduce the attack surface presented by a container with layer 2 network access
ContainerOTNetworkAttack,RTS-4,Seccomp is implemented on the device,Exploitability,0,Runtime security controls do not increase the difficulty of intercepting layer 2 network traffic
ContainerOTNetworkAttack,RTS-4,Seccomp is implemented on the device,Exposure,0,Runtime security controls do not reduce the attack surface presented by a container with layer 2 network access
ContainerOTNetworkAttack,RTS-5,AppArmor is implemented on the device,Exploitability,0,Medium effect - LSM can restrict network and protocol operations
ContainerOTNetworkAttack,RTS-5,AppArmor is implemented on the device,Exposure,0,Runtime security controls do not reduce the attack surface presented by a container with layer 2 network access
ContainerOTNetworkAttack,RTS-6,SELinux is implemented on the device,Exploitability,0,Runtime security controls do not increase the difficulty of intercepting layer 2 network traffic
ContainerOTNetworkAttack,RTS-6,SELinux is implemented on the device,Exposure,0,Runtime security controls do not reduce the attack surface presented by a container with layer 2 network access
ContainerOTNetworkAttack,RTS-7,App containers have minimal access to host resources,Exploitability,0,Runtime security controls do not increase the difficulty of intercepting layer 2 network traffic
ContainerOTNetworkAttack,RTS-7,App containers have minimal access to host resources,Exposure,0,Runtime security controls do not reduce the attack surface presented by a container with layer 2 network access
ContainerOTNetworkAttack,SCM-1,Secure secrets management tools (e.g. vaults or secrets manager) are used,Exploitability,0,Secrets management does not make layer 2 network attacks more difficult
ContainerOTNetworkAttack,SCM-1,Secure secrets management tools (e.g. vaults or secrets manager) are used,Exposure,0,Secrets management does not support detection of layer 2 network attacks
ContainerOTNetworkAttack,SCM-2,Apps do not contain any hardcoded secrets,Exploitability,0,Secrets management does not make layer 2 network attacks more difficult
ContainerOTNetworkAttack,SCM-2,Apps do not contain any hardcoded secrets,Exposure,0,Secrets management does not support detection of layer 2 network attacks
ContainerOTNetworkAttack,SCM-3,Secrets at rest and in transit are encrypted,Exploitability,0,Secrets management does not make layer 2 network attacks more difficult
ContainerOTNetworkAttack,SCM-3,Secrets at rest and in transit are encrypted,Exposure,0,Secrets management does not support detection of layer 2 network attacks
ContainerOTNetworkAttack,SCM-4,Automatic secret rotation and revocation policies are implemented,Exploitability,0,Secrets management does not make layer 2 network attacks more difficult
ContainerOTNetworkAttack,SCM-4,Automatic secret rotation and revocation policies are implemented,Exposure,0,Secrets management does not support detection of layer 2 network attacks
ContainerPrivilegedPortNetworkDoS,AUTH-1,Authentication for exposed container APIs is enforced,Exploitability,0,Authentication of container APIs does not prevent them from binding privileged ports
ContainerPrivilegedPortNetworkDoS,AUTH-1,Authentication for exposed container APIs is enforced,Exposure,0,Authentication of container APIs does not support the detection of privileged port binding
ContainerPrivilegedPortNetworkDoS,AUTH-2,Role-based access control is used for orchestration and container management,Exploitability,3,Authentication and access control measures for container management are essential to counter privileged port binding
ContainerPrivilegedPortNetworkDoS,AUTH-2,Role-based access control is used for orchestration and container management,Exposure,3,Authentication and access control measures for container management are essential to detect and react to privileged port binding
ContainerPrivilegedPortNetworkDoS,AUTH-3,"Access to container management interfaces (e.g., Docker socket) is restricted",Exploitability,3,Authentication and access control measures for container management are essential to counter privileged port binding
ContainerPrivilegedPortNetworkDoS,AUTH-3,"Access to container management interfaces (e.g., Docker socket) is restricted",Exposure,3,Authentication and access control measures for container management are essential to detect and react to privileged port binding
ContainerPrivilegedPortNetworkDoS,CIC-1,"The CI/CD pipeline for the app is secured (regarding code repositories, build environments, secrets, vulnerabilities, signing, auditing ...)",Exploitability,0,CI/CD and supply chain controls do not increase the difficulty of binding a privileged port
ContainerPrivilegedPortNetworkDoS,CIC-1,"The CI/CD pipeline for the app is secured (regarding code repositories, build environments, secrets, vulnerabilities, signing, auditing ...)",Exposure,1,CI/CD and supply chain controls support the identification of the containers intent and reason for binding a privileged port
ContainerPrivilegedPortNetworkDoS,CIC-2,SBOMs are used for the app to track code dependencies,Exploitability,0,CI/CD and supply chain controls do not increase the difficulty of binding a privileged port
ContainerPrivilegedPortNetworkDoS,CIC-2,SBOMs are used for the app to track code dependencies,Exposure,1,CI/CD and supply chain controls support the identification of the containers intent and reason for binding a privileged port
ContainerPrivilegedPortNetworkDoS,CIC-3,Code reviews and automated testing of the app are enforced,Exploitability,0,CI/CD and supply chain controls do not increase the difficulty of binding a privileged port
ContainerPrivilegedPortNetworkDoS,CIC-3,Code reviews and automated testing of the app are enforced,Exposure,1,CI/CD and supply chain controls support the identification of the containers intent and reason for binding a privileged port
ContainerPrivilegedPortNetworkDoS,CIC-4,Third-party components used by the app are validated,Exploitability,0,CI/CD and supply chain controls do not increase the difficulty of binding a privileged port
ContainerPrivilegedPortNetworkDoS,CIC-4,Third-party components used by the app are validated,Exposure,1,CI/CD and supply chain controls support the identification of the containers intent and reason for binding a privileged port
ContainerPrivilegedPortNetworkDoS,CIC-5,The CI/CD pipeline for the app enables reproducible builds,Exploitability,0,CI/CD and supply chain controls do not increase the difficulty of binding a privileged port
ContainerPrivilegedPortNetworkDoS,CIC-5,The CI/CD pipeline for the app enables reproducible builds,Exposure,1,CI/CD and supply chain controls support the identification of the containers intent and reason for binding a privileged port
ContainerPrivilegedPortNetworkDoS,CIC-6,Apps for development and production are not deployed in the same environment,Exploitability,0,CI/CD and supply chain controls do not increase the difficulty of binding a privileged port
ContainerPrivilegedPortNetworkDoS,CIC-6,Apps for development and production are not deployed in the same environment,Exposure,1,CI/CD and supply chain controls support the identification of the containers intent and reason for binding a privileged port
ContainerPrivilegedPortNetworkDoS,CRM-1,Regular risk assessments of apps and host devices are performed,Exploitability,2,Compliance and risk management practices help to assess what a container the binds a privileged port can do
ContainerPrivilegedPortNetworkDoS,CRM-1,Regular risk assessments of apps and host devices are performed,Exposure,2,Compliance and risk management practices help to assess how prominent a container that binds a privileged port is in its environment
ContainerPrivilegedPortNetworkDoS,CRM-2,The operation's asset inventory is maintained,Exploitability,2,Compliance and risk management practices help to assess what a container the binds a privileged port can do
ContainerPrivilegedPortNetworkDoS,CRM-2,The operation's asset inventory is maintained,Exposure,2,Compliance and risk management practices help to assess how prominent a container that binds a privileged port is in its environment
ContainerPrivilegedPortNetworkDoS,CRM-3,Container security policies along the app lifecycle are documented and enforced,Exploitability,2,Compliance and risk management practices help to assess what a container the binds a privileged port can do
ContainerPrivilegedPortNetworkDoS,CRM-3,Container security policies along the app lifecycle are documented and enforced,Exposure,2,Compliance and risk management practices help to assess how prominent a container that binds a privileged port is in its environment
ContainerPrivilegedPortNetworkDoS,CRM-4,Periodic audits and reviews of apps and host devices are conducted,Exploitability,2,Compliance and risk management practices help to assess what a container the binds a privileged port can do
ContainerPrivilegedPortNetworkDoS,CRM-4,Periodic audits and reviews of apps and host devices are conducted,Exposure,2,Compliance and risk management practices help to assess how prominent a container that binds a privileged port is in its environment
ContainerPrivilegedPortNetworkDoS,HIS-1,The container runtime on the host device is up to date,Exploitability,2,Host infrastructure security helps to manage port bindings of containers and detect malicious activities
ContainerPrivilegedPortNetworkDoS,HIS-1,The container runtime on the host device is up to date,Exposure,2,Host infrastructure security helps to detect unauthorized port bindings of containers
ContainerPrivilegedPortNetworkDoS,HIS-2,The host device is deployed as an immutable infrastructure (e.g. read-only file system),Exploitability,0,An immutable host infrastructure does not prevent binding of privileged ports
ContainerPrivilegedPortNetworkDoS,HIS-2,The host device is deployed as an immutable infrastructure (e.g. read-only file system),Exposure,0,An immutable host infrastructure does not detect binding of privileged ports
ContainerPrivilegedPortNetworkDoS,HIS-3,The host device is monitored for unauthorized changes,Exploitability,2,Host infrastructure security helps to manage port bindings of containers and detect malicious activities
ContainerPrivilegedPortNetworkDoS,HIS-3,The host device is monitored for unauthorized changes,Exposure,2,Host infrastructure security helps to detect unauthorized port bindings of containers
ContainerPrivilegedPortNetworkDoS,IMG-1,App images are scanned for vulnerabilities,Exploitability,0,Container image security practices do not make binding privileged ports more difficult
ContainerPrivilegedPortNetworkDoS,IMG-1,App images are scanned for vulnerabilities,Exposure,1,Container image security practices help identifying containers that bind privileged ports and discovering why they do it
ContainerPrivilegedPortNetworkDoS,IMG-2,App uses minimal base images,Exploitability,0,Container image security practices do not make binding privileged ports more difficult
ContainerPrivilegedPortNetworkDoS,IMG-2,App uses minimal base images,Exposure,1,Container image security practices help identifying containers that bind privileged ports and discovering why they do it
ContainerPrivilegedPortNetworkDoS,IMG-3,App images are signed and verified,Exploitability,0,Container image security practices do not make binding privileged ports more difficult
ContainerPrivilegedPortNetworkDoS,IMG-3,App images are signed and verified,Exposure,1,Container image security practices help identifying containers that bind privileged ports and discovering why they do it
ContainerPrivilegedPortNetworkDoS,IMG-4,Dockerfiles of the app pin the base image version,Exploitability,0,Container image security practices do not make binding privileged ports more difficult
ContainerPrivilegedPortNetworkDoS,IMG-4,Dockerfiles of the app pin the base image version,Exposure,1,Container image security practices help identifying containers that bind privileged ports and discovering why they do it
ContainerPrivilegedPortNetworkDoS,IMG-5,App images are rebuilt and updated regularly,Exploitability,0,Container image security practices do not make binding privileged ports more difficult
ContainerPrivilegedPortNetworkDoS,IMG-5,App images are rebuilt and updated regularly,Exposure,1,Container image security practices help identifying containers that bind privileged ports and discovering why they do it
ContainerPrivilegedPortNetworkDoS,IMG-6,Device orchestration only uses trusted image registries,Exploitability,0,Container image security practices do not make binding privileged ports more difficult
ContainerPrivilegedPortNetworkDoS,IMG-6,Device orchestration only uses trusted image registries,Exposure,1,Container image security practices help identifying containers that bind privileged ports and discovering why they do it
ContainerPrivilegedPortNetworkDoS,MON-1,Container-level logging is enabled,Exploitability,0,Monitoring and detection controls do not make binding of privileged ports more difficult
ContainerPrivilegedPortNetworkDoS,MON-1,Container-level logging is enabled,Exposure,1,"Monitoring and detection controls do not prevent binding of privileged ports, but they help identifying malicious activities and the intention of container deployment"
ContainerPrivilegedPortNetworkDoS,MON-2,Processes on the host device are monitored for anomalous behavior,Exploitability,0,Monitoring and detection controls do not make binding of privileged ports more difficult
ContainerPrivilegedPortNetworkDoS,MON-2,Processes on the host device are monitored for anomalous behavior,Exposure,1,"Monitoring and detection controls do not prevent binding of privileged ports, but they help identifying malicious activities and the intention of container deployment"
ContainerPrivilegedPortNetworkDoS,MON-3,"Runtime security tools (e.g. Falco, Trivy) are used",Exploitability,0,Monitoring and detection controls do not make binding of privileged ports more difficult
ContainerPrivilegedPortNetworkDoS,MON-3,"Runtime security tools (e.g. Falco, Trivy) are used",Exposure,1,"Monitoring and detection controls do not prevent binding of privileged ports, but they help identifying malicious activities and the intention of container deployment"
ContainerPrivilegedPortNetworkDoS,MON-4,Incident response procedures are implemented,Exploitability,0,Monitoring and detection controls do not make binding of privileged ports more difficult
ContainerPrivilegedPortNetworkDoS,MON-4,Incident response procedures are implemented,Exposure,1,"Monitoring and detection controls do not prevent binding of privileged ports, but they help identifying malicious activities and the intention of container deployment"
ContainerPrivilegedPortNetworkDoS,MON-5,Logs are centralized and protected,Exploitability,0,Monitoring and detection controls do not make binding of privileged ports more difficult
ContainerPrivilegedPortNetworkDoS,MON-5,Logs are centralized and protected,Exposure,1,"Monitoring and detection controls do not prevent binding of privileged ports, but they help identifying malicious activities and the intention of container deployment"
ContainerPrivilegedPortNetworkDoS,MON-6,Decoy containers (honeypots) are deployed on the device to detect malicious activity,Exploitability,0,Monitoring and detection controls do not make binding of privileged ports more difficult
ContainerPrivilegedPortNetworkDoS,MON-6,Decoy containers (honeypots) are deployed on the device to detect malicious activity,Exposure,1,"Monitoring and detection controls do not prevent binding of privileged ports, but they help identifying malicious activities and the intention of container deployment"
ContainerPrivilegedPortNetworkDoS,MON-7,Container API calls and orchestration events are monitored for anomalies,Exploitability,0,Monitoring and detection controls do not make binding of privileged ports more difficult
ContainerPrivilegedPortNetworkDoS,MON-7,Container API calls and orchestration events are monitored for anomalies,Exposure,1,"Monitoring and detection controls do not prevent binding of privileged ports, but they help identifying malicious activities and the intention of container deployment"
ContainerPrivilegedPortNetworkDoS,MON-8,Alerts are triggered for unauthorized access attempts to container registries or APIs,Exploitability,0,Monitoring and detection controls do not make binding of privileged ports more difficult
ContainerPrivilegedPortNetworkDoS,MON-8,Alerts are triggered for unauthorized access attempts to container registries or APIs,Exposure,1,"Monitoring and detection controls do not prevent binding of privileged ports, but they help identifying malicious activities and the intention of container deployment"
ContainerPrivilegedPortNetworkDoS,NET-1,App container networks are segmented,Exploitability,0,Network security controls do not prevent or make port binding more difficult
ContainerPrivilegedPortNetworkDoS,NET-1,App container networks are segmented,Exposure,2,Container network security controls support the management and identification of services that bind privileged ports
ContainerPrivilegedPortNetworkDoS,NET-2,Host-level firewall rules and network policies are applied,Exploitability,0,Network security controls do not prevent or make port binding more difficult
ContainerPrivilegedPortNetworkDoS,NET-2,Host-level firewall rules and network policies are applied,Exposure,2,Container network security controls support the management and identification of services that bind privileged ports
ContainerPrivilegedPortNetworkDoS,NET-3,Inter-container communication is encrypted,Exploitability,0,Network security controls do not prevent or make port binding more difficult
ContainerPrivilegedPortNetworkDoS,NET-3,Inter-container communication is encrypted,Exposure,2,Container network security controls support the management and identification of services that bind privileged ports
ContainerPrivilegedPortNetworkDoS,NET-4,Ingress/egress controls for containers are implemented,Exploitability,0,Network security controls do not prevent or make port binding more difficult
ContainerPrivilegedPortNetworkDoS,NET-4,Ingress/egress controls for containers are implemented,Exposure,2,Container network security controls support the management and identification of services that bind privileged ports
ContainerPrivilegedPortNetworkDoS,RTS-1,App containers are run as non-root user,Exploitability,0,Runtime security controls do not make privileged port binding more difficult
ContainerPrivilegedPortNetworkDoS,RTS-1,App containers are run as non-root user,Exposure,0,Runtime security controls do not support the detection of privileged port binding
ContainerPrivilegedPortNetworkDoS,RTS-2,App containers use read-only file systems,Exploitability,0,Runtime security controls do not make privileged port binding more difficult
ContainerPrivilegedPortNetworkDoS,RTS-2,App containers use read-only file systems,Exposure,0,Runtime security controls do not support the detection of privileged port binding
ContainerPrivilegedPortNetworkDoS,RTS-3,App containers are deployed with minimal Linux capabilities,Exploitability,0,Runtime security controls do not make privileged port binding more difficult
ContainerPrivilegedPortNetworkDoS,RTS-3,App containers are deployed with minimal Linux capabilities,Exposure,0,Runtime security controls do not support the detection of privileged port binding
ContainerPrivilegedPortNetworkDoS,RTS-4,Seccomp is implemented on the device,Exploitability,0,Runtime security controls do not make privileged port binding more difficult
ContainerPrivilegedPortNetworkDoS,RTS-4,Seccomp is implemented on the device,Exposure,0,Runtime security controls do not support the detection of privileged port binding
ContainerPrivilegedPortNetworkDoS,RTS-5,AppArmor is implemented on the device,Exploitability,0,Runtime security controls do not make privileged port binding more difficult
ContainerPrivilegedPortNetworkDoS,RTS-5,AppArmor is implemented on the device,Exposure,0,Runtime security controls do not support the detection of privileged port binding
ContainerPrivilegedPortNetworkDoS,RTS-6,SELinux is implemented on the device,Exploitability,0,Runtime security controls do not make privileged port binding more difficult
ContainerPrivilegedPortNetworkDoS,RTS-6,SELinux is implemented on the device,Exposure,0,Runtime security controls do not support the detection of privileged port binding
ContainerPrivilegedPortNetworkDoS,RTS-7,App containers have minimal access to host resources,Exploitability,0,Runtime security controls do not make privileged port binding more difficult
ContainerPrivilegedPortNetworkDoS,RTS-7,App containers have minimal access to host resources,Exposure,0,Runtime security controls do not support the detection of privileged port binding
ContainerPrivilegedPortNetworkDoS,SCM-1,Secure secrets management tools (e.g. vaults or secrets manager) are used,Exploitability,0,Secrets management does not mitigate privileged port binding
ContainerPrivilegedPortNetworkDoS,SCM-1,Secure secrets management tools (e.g. vaults or secrets manager) are used,Exposure,0,Secrets management does not support the detection and exposure of privileged port binding
ContainerPrivilegedPortNetworkDoS,SCM-2,Apps do not contain any hardcoded secrets,Exploitability,0,Secrets management does not mitigate privileged port binding
ContainerPrivilegedPortNetworkDoS,SCM-2,Apps do not contain any hardcoded secrets,Exposure,0,Secrets management does not support the detection and exposure of privileged port binding
ContainerPrivilegedPortNetworkDoS,SCM-3,Secrets at rest and in transit are encrypted,Exploitability,0,Secrets management does not mitigate privileged port binding
ContainerPrivilegedPortNetworkDoS,SCM-3,Secrets at rest and in transit are encrypted,Exposure,0,Secrets management does not support the detection and exposure of privileged port binding
ContainerPrivilegedPortNetworkDoS,SCM-4,Automatic secret rotation and revocation policies are implemented,Exploitability,0,Secrets management does not mitigate privileged port binding
ContainerPrivilegedPortNetworkDoS,SCM-4,Automatic secret rotation and revocation policies are implemented,Exposure,0,Secrets management does not support the detection and exposure of privileged port binding
ContainerPrivilegedPortServiceImpersonation,AUTH-1,Authentication for exposed container APIs is enforced,Exploitability,0,Authentication of container APIs does not prevent them from binding privileged ports
ContainerPrivilegedPortServiceImpersonation,AUTH-1,Authentication for exposed container APIs is enforced,Exposure,0,Authentication of container APIs does not support the detection of privileged port binding
ContainerPrivilegedPortServiceImpersonation,AUTH-2,Role-based access control is used for orchestration and container management,Exploitability,3,Authentication and access control measures for container management are essential to counter privileged port binding
ContainerPrivilegedPortServiceImpersonation,AUTH-2,Role-based access control is used for orchestration and container management,Exposure,3,Authentication and access control measures for container management are essential to detect and react to privileged port binding
ContainerPrivilegedPortServiceImpersonation,AUTH-3,"Access to container management interfaces (e.g., Docker socket) is restricted",Exploitability,3,Authentication and access control measures for container management are essential to counter privileged port binding
ContainerPrivilegedPortServiceImpersonation,AUTH-3,"Access to container management interfaces (e.g., Docker socket) is restricted",Exposure,3,Authentication and access control measures for container management are essential to detect and react to privileged port binding
ContainerPrivilegedPortServiceImpersonation,CIC-1,"The CI/CD pipeline for the app is secured (regarding code repositories, build environments, secrets, vulnerabilities, signing, auditing ...)",Exploitability,0,CI/CD and supply chain controls do not increase the difficulty of binding a privileged port
ContainerPrivilegedPortServiceImpersonation,CIC-1,"The CI/CD pipeline for the app is secured (regarding code repositories, build environments, secrets, vulnerabilities, signing, auditing ...)",Exposure,1,CI/CD and supply chain controls support the identification of the containers intent and reason for binding a privileged port
ContainerPrivilegedPortServiceImpersonation,CIC-2,SBOMs are used for the app to track code dependencies,Exploitability,0,CI/CD and supply chain controls do not increase the difficulty of binding a privileged port
ContainerPrivilegedPortServiceImpersonation,CIC-2,SBOMs are used for the app to track code dependencies,Exposure,1,CI/CD and supply chain controls support the identification of the containers intent and reason for binding a privileged port
ContainerPrivilegedPortServiceImpersonation,CIC-3,Code reviews and automated testing of the app are enforced,Exploitability,0,CI/CD and supply chain controls do not increase the difficulty of binding a privileged port
ContainerPrivilegedPortServiceImpersonation,CIC-3,Code reviews and automated testing of the app are enforced,Exposure,1,CI/CD and supply chain controls support the identification of the containers intent and reason for binding a privileged port
ContainerPrivilegedPortServiceImpersonation,CIC-4,Third-party components used by the app are validated,Exploitability,0,CI/CD and supply chain controls do not increase the difficulty of binding a privileged port
ContainerPrivilegedPortServiceImpersonation,CIC-4,Third-party components used by the app are validated,Exposure,1,CI/CD and supply chain controls support the identification of the containers intent and reason for binding a privileged port
ContainerPrivilegedPortServiceImpersonation,CIC-5,The CI/CD pipeline for the app enables reproducible builds,Exploitability,0,CI/CD and supply chain controls do not increase the difficulty of binding a privileged port
ContainerPrivilegedPortServiceImpersonation,CIC-5,The CI/CD pipeline for the app enables reproducible builds,Exposure,1,CI/CD and supply chain controls support the identification of the containers intent and reason for binding a privileged port
ContainerPrivilegedPortServiceImpersonation,CIC-6,Apps for development and production are not deployed in the same environment,Exploitability,0,CI/CD and supply chain controls do not increase the difficulty of binding a privileged port
ContainerPrivilegedPortServiceImpersonation,CIC-6,Apps for development and production are not deployed in the same environment,Exposure,1,CI/CD and supply chain controls support the identification of the containers intent and reason for binding a privileged port
ContainerPrivilegedPortServiceImpersonation,CRM-1,Regular risk assessments of apps and host devices are performed,Exploitability,2,Compliance and risk management practices help to assess what a container the binds a privileged port can do
ContainerPrivilegedPortServiceImpersonation,CRM-1,Regular risk assessments of apps and host devices are performed,Exposure,2,Compliance and risk management practices help to assess how prominent a container that binds a privileged port is in its environment
ContainerPrivilegedPortServiceImpersonation,CRM-2,The operation's asset inventory is maintained,Exploitability,2,Compliance and risk management practices help to assess what a container the binds a privileged port can do
ContainerPrivilegedPortServiceImpersonation,CRM-2,The operation's asset inventory is maintained,Exposure,2,Compliance and risk management practices help to assess how prominent a container that binds a privileged port is in its environment
ContainerPrivilegedPortServiceImpersonation,CRM-3,Container security policies along the app lifecycle are documented and enforced,Exploitability,2,Compliance and risk management practices help to assess what a container the binds a privileged port can do
ContainerPrivilegedPortServiceImpersonation,CRM-3,Container security policies along the app lifecycle are documented and enforced,Exposure,2,Compliance and risk management practices help to assess how prominent a container that binds a privileged port is in its environment
ContainerPrivilegedPortServiceImpersonation,CRM-4,Periodic audits and reviews of apps and host devices are conducted,Exploitability,2,Compliance and risk management practices help to assess what a container the binds a privileged port can do
ContainerPrivilegedPortServiceImpersonation,CRM-4,Periodic audits and reviews of apps and host devices are conducted,Exposure,2,Compliance and risk management practices help to assess how prominent a container that binds a privileged port is in its environment
ContainerPrivilegedPortServiceImpersonation,HIS-1,The container runtime on the host device is up to date,Exploitability,2,Host infrastructure security helps to manage port bindings of containers and detect malicious activities
ContainerPrivilegedPortServiceImpersonation,HIS-1,The container runtime on the host device is up to date,Exposure,2,Host infrastructure security helps to detect unauthorized port bindings of containers
ContainerPrivilegedPortServiceImpersonation,HIS-2,The host device is deployed as an immutable infrastructure (e.g. read-only file system),Exploitability,0,An immutable host infrastructure does not prevent binding of privileged ports
ContainerPrivilegedPortServiceImpersonation,HIS-2,The host device is deployed as an immutable infrastructure (e.g. read-only file system),Exposure,0,An immutable host infrastructure does not detect binding of privileged ports
ContainerPrivilegedPortServiceImpersonation,HIS-3,The host device is monitored for unauthorized changes,Exploitability,2,Host infrastructure security helps to manage port bindings of containers and detect malicious activities
ContainerPrivilegedPortServiceImpersonation,HIS-3,The host device is monitored for unauthorized changes,Exposure,2,Host infrastructure security helps to detect unauthorized port bindings of containers
ContainerPrivilegedPortServiceImpersonation,IMG-1,App images are scanned for vulnerabilities,Exploitability,0,Container image security practices do not make binding privileged ports more difficult
ContainerPrivilegedPortServiceImpersonation,IMG-1,App images are scanned for vulnerabilities,Exposure,1,Container image security practices help identifying containers that bind privileged ports and discovering why they do it
ContainerPrivilegedPortServiceImpersonation,IMG-2,App uses minimal base images,Exploitability,0,Container image security practices do not make binding privileged ports more difficult
ContainerPrivilegedPortServiceImpersonation,IMG-2,App uses minimal base images,Exposure,1,Container image security practices help identifying containers that bind privileged ports and discovering why they do it
ContainerPrivilegedPortServiceImpersonation,IMG-3,App images are signed and verified,Exploitability,0,Container image security practices do not make binding privileged ports more difficult
ContainerPrivilegedPortServiceImpersonation,IMG-3,App images are signed and verified,Exposure,1,Container image security practices help identifying containers that bind privileged ports and discovering why they do it
ContainerPrivilegedPortServiceImpersonation,IMG-4,Dockerfiles of the app pin the base image version,Exploitability,0,Container image security practices do not make binding privileged ports more difficult
ContainerPrivilegedPortServiceImpersonation,IMG-4,Dockerfiles of the app pin the base image version,Exposure,1,Container image security practices help identifying containers that bind privileged ports and discovering why they do it
ContainerPrivilegedPortServiceImpersonation,IMG-5,App images are rebuilt and updated regularly,Exploitability,0,Container image security practices do not make binding privileged ports more difficult
ContainerPrivilegedPortServiceImpersonation,IMG-5,App images are rebuilt and updated regularly,Exposure,1,Container image security practices help identifying containers that bind privileged ports and discovering why they do it
ContainerPrivilegedPortServiceImpersonation,IMG-6,Device orchestration only uses trusted image registries,Exploitability,0,Container image security practices do not make binding privileged ports more difficult
ContainerPrivilegedPortServiceImpersonation,IMG-6,Device orchestration only uses trusted image registries,Exposure,1,Container image security practices help identifying containers that bind privileged ports and discovering why they do it
ContainerPrivilegedPortServiceImpersonation,MON-1,Container-level logging is enabled,Exploitability,0,Monitoring and detection controls do not make binding of privileged ports more difficult
ContainerPrivilegedPortServiceImpersonation,MON-1,Container-level logging is enabled,Exposure,1,"Monitoring and detection controls do not prevent binding of privileged ports, but they help identifying malicious activities and the intention of container deployment"
ContainerPrivilegedPortServiceImpersonation,MON-2,Processes on the host device are monitored for anomalous behavior,Exploitability,0,Monitoring and detection controls do not make binding of privileged ports more difficult
ContainerPrivilegedPortServiceImpersonation,MON-2,Processes on the host device are monitored for anomalous behavior,Exposure,1,"Monitoring and detection controls do not prevent binding of privileged ports, but they help identifying malicious activities and the intention of container deployment"
ContainerPrivilegedPortServiceImpersonation,MON-3,"Runtime security tools (e.g. Falco, Trivy) are used",Exploitability,0,Monitoring and detection controls do not make binding of privileged ports more difficult
ContainerPrivilegedPortServiceImpersonation,MON-3,"Runtime security tools (e.g. Falco, Trivy) are used",Exposure,1,"Monitoring and detection controls do not prevent binding of privileged ports, but they help identifying malicious activities and the intention of container deployment"
ContainerPrivilegedPortServiceImpersonation,MON-4,Incident response procedures are implemented,Exploitability,0,Monitoring and detection controls do not make binding of privileged ports more difficult
ContainerPrivilegedPortServiceImpersonation,MON-4,Incident response procedures are implemented,Exposure,1,"Monitoring and detection controls do not prevent binding of privileged ports, but they help identifying malicious activities and the intention of container deployment"
ContainerPrivilegedPortServiceImpersonation,MON-5,Logs are centralized and protected,Exploitability,0,Monitoring and detection controls do not make binding of privileged ports more difficult
ContainerPrivilegedPortServiceImpersonation,MON-5,Logs are centralized and protected,Exposure,1,"Monitoring and detection controls do not prevent binding of privileged ports, but they help identifying malicious activities and the intention of container deployment"
ContainerPrivilegedPortServiceImpersonation,MON-6,Decoy containers (honeypots) are deployed on the device to detect malicious activity,Exploitability,0,Monitoring and detection controls do not make binding of privileged ports more difficult
ContainerPrivilegedPortServiceImpersonation,MON-6,Decoy containers (honeypots) are deployed on the device to detect malicious activity,Exposure,1,"Monitoring and detection controls do not prevent binding of privileged ports, but they help identifying malicious activities and the intention of container deployment"
ContainerPrivilegedPortServiceImpersonation,MON-7,Container API calls and orchestration events are monitored for anomalies,Exploitability,0,Monitoring and detection controls do not make binding of privileged ports more difficult
ContainerPrivilegedPortServiceImpersonation,MON-7,Container API calls and orchestration events are monitored for anomalies,Exposure,1,"Monitoring and detection controls do not prevent binding of privileged ports, but they help identifying malicious activities and the intention of container deployment"
ContainerPrivilegedPortServiceImpersonation,MON-8,Alerts are triggered for unauthorized access attempts to container registries or APIs,Exploitability,0,Monitoring and detection controls do not make binding of privileged ports more difficult
ContainerPrivilegedPortServiceImpersonation,MON-8,Alerts are triggered for unauthorized access attempts to container registries or APIs,Exposure,1,"Monitoring and detection controls do not prevent binding of privileged ports, but they help identifying malicious activities and the intention of container deployment"
ContainerPrivilegedPortServiceImpersonation,NET-1,App container networks are segmented,Exploitability,0,Network security controls do not prevent or make port binding more difficult
ContainerPrivilegedPortServiceImpersonation,NET-1,App container networks are segmented,Exposure,2,Container network security controls support the management and identification of services that bind privileged ports
ContainerPrivilegedPortServiceImpersonation,NET-2,Host-level firewall rules and network policies are applied,Exploitability,0,Network security controls do not prevent or make port binding more difficult
ContainerPrivilegedPortServiceImpersonation,NET-2,Host-level firewall rules and network policies are applied,Exposure,2,Container network security controls support the management and identification of services that bind privileged ports
ContainerPrivilegedPortServiceImpersonation,NET-3,Inter-container communication is encrypted,Exploitability,0,Network security controls do not prevent or make port binding more difficult
ContainerPrivilegedPortServiceImpersonation,NET-3,Inter-container communication is encrypted,Exposure,2,Container network security controls support the management and identification of services that bind privileged ports
ContainerPrivilegedPortServiceImpersonation,NET-4,Ingress/egress controls for containers are implemented,Exploitability,0,Network security controls do not prevent or make port binding more difficult
ContainerPrivilegedPortServiceImpersonation,NET-4,Ingress/egress controls for containers are implemented,Exposure,2,Container network security controls support the management and identification of services that bind privileged ports
ContainerPrivilegedPortServiceImpersonation,RTS-1,App containers are run as non-root user,Exploitability,0,Runtime security controls do not make privileged port binding more difficult
ContainerPrivilegedPortServiceImpersonation,RTS-1,App containers are run as non-root user,Exposure,0,Runtime security controls do not support the detection of privileged port binding
ContainerPrivilegedPortServiceImpersonation,RTS-2,App containers use read-only file systems,Exploitability,0,Runtime security controls do not make privileged port binding more difficult
ContainerPrivilegedPortServiceImpersonation,RTS-2,App containers use read-only file systems,Exposure,0,Runtime security controls do not support the detection of privileged port binding
ContainerPrivilegedPortServiceImpersonation,RTS-3,App containers are deployed with minimal Linux capabilities,Exploitability,0,Runtime security controls do not make privileged port binding more difficult
ContainerPrivilegedPortServiceImpersonation,RTS-3,App containers are deployed with minimal Linux capabilities,Exposure,0,Runtime security controls do not support the detection of privileged port binding
ContainerPrivilegedPortServiceImpersonation,RTS-4,Seccomp is implemented on the device,Exploitability,0,Runtime security controls do not make privileged port binding more difficult
ContainerPrivilegedPortServiceImpersonation,RTS-4,Seccomp is implemented on the device,Exposure,0,Runtime security controls do not support the detection of privileged port binding
ContainerPrivilegedPortServiceImpersonation,RTS-5,AppArmor is implemented on the device,Exploitability,0,Runtime security controls do not make privileged port binding more difficult
ContainerPrivilegedPortServiceImpersonation,RTS-5,AppArmor is implemented on the device,Exposure,0,Runtime security controls do not support the detection of privileged port binding
ContainerPrivilegedPortServiceImpersonation,RTS-6,SELinux is implemented on the device,Exploitability,0,Runtime security controls do not make privileged port binding more difficult
ContainerPrivilegedPortServiceImpersonation,RTS-6,SELinux is implemented on the device,Exposure,0,Runtime security controls do not support the detection of privileged port binding
ContainerPrivilegedPortServiceImpersonation,RTS-7,App containers have minimal access to host resources,Exploitability,0,Runtime security controls do not make privileged port binding more difficult
ContainerPrivilegedPortServiceImpersonation,RTS-7,App containers have minimal access to host resources,Exposure,0,Runtime security controls do not support the detection of privileged port binding
ContainerPrivilegedPortServiceImpersonation,SCM-1,Secure secrets management tools (e.g. vaults or secrets manager) are used,Exploitability,0,Secrets management does not mitigate privileged port binding
ContainerPrivilegedPortServiceImpersonation,SCM-1,Secure secrets management tools (e.g. vaults or secrets manager) are used,Exposure,0,Secrets management does not support the detection and exposure of privileged port binding
ContainerPrivilegedPortServiceImpersonation,SCM-2,Apps do not contain any hardcoded secrets,Exploitability,0,Secrets management does not mitigate privileged port binding
ContainerPrivilegedPortServiceImpersonation,SCM-2,Apps do not contain any hardcoded secrets,Exposure,0,Secrets management does not support the detection and exposure of privileged port binding
ContainerPrivilegedPortServiceImpersonation,SCM-3,Secrets at rest and in transit are encrypted,Exploitability,0,Secrets management does not mitigate privileged port binding
ContainerPrivilegedPortServiceImpersonation,SCM-3,Secrets at rest and in transit are encrypted,Exposure,0,Secrets management does not support the detection and exposure of privileged port binding
ContainerPrivilegedPortServiceImpersonation,SCM-4,Automatic secret rotation and revocation policies are implemented,Exploitability,0,Secrets management does not mitigate privileged port binding
ContainerPrivilegedPortServiceImpersonation,SCM-4,Automatic secret rotation and revocation policies are implemented,Exposure,0,Secrets management does not support the detection and exposure of privileged port binding
ContainerPrivilegedPortTrafficCapture,AUTH-1,Authentication for exposed container APIs is enforced,Exploitability,0,Authentication of container APIs does not prevent them from binding privileged ports
ContainerPrivilegedPortTrafficCapture,AUTH-1,Authentication for exposed container APIs is enforced,Exposure,0,Authentication of container APIs does not support the detection of privileged port binding
ContainerPrivilegedPortTrafficCapture,AUTH-2,Role-based access control is used for orchestration and container management,Exploitability,3,Authentication and access control measures for container management are essential to counter privileged port binding
ContainerPrivilegedPortTrafficCapture,AUTH-2,Role-based access control is used for orchestration and container management,Exposure,3,Authentication and access control measures for container management are essential to detect and react to privileged port binding
ContainerPrivilegedPortTrafficCapture,AUTH-3,"Access to container management interfaces (e.g., Docker socket) is restricted",Exploitability,3,Authentication and access control measures for container management are essential to counter privileged port binding
ContainerPrivilegedPortTrafficCapture,AUTH-3,"Access to container management interfaces (e.g., Docker socket) is restricted",Exposure,3,Authentication and access control measures for container management are essential to detect and react to privileged port binding
ContainerPrivilegedPortTrafficCapture,CIC-1,"The CI/CD pipeline for the app is secured (regarding code repositories, build environments, secrets, vulnerabilities, signing, auditing ...)",Exploitability,0,CI/CD and supply chain controls do not increase the difficulty of binding a privileged port
ContainerPrivilegedPortTrafficCapture,CIC-1,"The CI/CD pipeline for the app is secured (regarding code repositories, build environments, secrets, vulnerabilities, signing, auditing ...)",Exposure,1,CI/CD and supply chain controls support the identification of the containers intent and reason for binding a privileged port
ContainerPrivilegedPortTrafficCapture,CIC-2,SBOMs are used for the app to track code dependencies,Exploitability,0,CI/CD and supply chain controls do not increase the difficulty of binding a privileged port
ContainerPrivilegedPortTrafficCapture,CIC-2,SBOMs are used for the app to track code dependencies,Exposure,1,CI/CD and supply chain controls support the identification of the containers intent and reason for binding a privileged port
ContainerPrivilegedPortTrafficCapture,CIC-3,Code reviews and automated testing of the app are enforced,Exploitability,0,CI/CD and supply chain controls do not increase the difficulty of binding a privileged port
ContainerPrivilegedPortTrafficCapture,CIC-3,Code reviews and automated testing of the app are enforced,Exposure,1,CI/CD and supply chain controls support the identification of the containers intent and reason for binding a privileged port
ContainerPrivilegedPortTrafficCapture,CIC-4,Third-party components used by the app are validated,Exploitability,0,CI/CD and supply chain controls do not increase the difficulty of binding a privileged port
ContainerPrivilegedPortTrafficCapture,CIC-4,Third-party components used by the app are validated,Exposure,1,CI/CD and supply chain controls support the identification of the containers intent and reason for binding a privileged port
ContainerPrivilegedPortTrafficCapture,CIC-5,The CI/CD pipeline for the app enables reproducible builds,Exploitability,0,CI/CD and supply chain controls do not increase the difficulty of binding a privileged port
ContainerPrivilegedPortTrafficCapture,CIC-5,The CI/CD pipeline for the app enables reproducible builds,Exposure,1,CI/CD and supply chain controls support the identification of the containers intent and reason for binding a privileged port
ContainerPrivilegedPortTrafficCapture,CIC-6,Apps for development and production are not deployed in the same environment,Exploitability,0,CI/CD and supply chain controls do not increase the difficulty of binding a privileged port
ContainerPrivilegedPortTrafficCapture,CIC-6,Apps for development and production are not deployed in the same environment,Exposure,1,CI/CD and supply chain controls support the identification of the containers intent and reason for binding a privileged port
ContainerPrivilegedPortTrafficCapture,CRM-1,Regular risk assessments of apps and host devices are performed,Exploitability,2,Compliance and risk management practices help to assess what a container the binds a privileged port can do
ContainerPrivilegedPortTrafficCapture,CRM-1,Regular risk assessments of apps and host devices are performed,Exposure,2,Compliance and risk management practices help to assess how prominent a container that binds a privileged port is in its environment
ContainerPrivilegedPortTrafficCapture,CRM-2,The operation's asset inventory is maintained,Exploitability,2,Compliance and risk management practices help to assess what a container the binds a privileged port can do
ContainerPrivilegedPortTrafficCapture,CRM-2,The operation's asset inventory is maintained,Exposure,2,Compliance and risk management practices help to assess how prominent a container that binds a privileged port is in its environment
ContainerPrivilegedPortTrafficCapture,CRM-3,Container security policies along the app lifecycle are documented and enforced,Exploitability,2,Compliance and risk management practices help to assess what a container the binds a privileged port can do
ContainerPrivilegedPortTrafficCapture,CRM-3,Container security policies along the app lifecycle are documented and enforced,Exposure,2,Compliance and risk management practices help to assess how prominent a container that binds a privileged port is in its environment
ContainerPrivilegedPortTrafficCapture,CRM-4,Periodic audits and reviews of apps and host devices are conducted,Exploitability,2,Compliance and risk management practices help to assess what a container the binds a privileged port can do
ContainerPrivilegedPortTrafficCapture,CRM-4,Periodic audits and reviews of apps and host devices are conducted,Exposure,2,Compliance and risk management practices help to assess how prominent a container that binds a privileged port is in its environment
ContainerPrivilegedPortTrafficCapture,HIS-1,The container runtime on the host device is up to date,Exploitability,2,Host infrastructure security helps to manage port bindings of containers and detect malicious activities
ContainerPrivilegedPortTrafficCapture,HIS-1,The container runtime on the host device is up to date,Exposure,2,Host infrastructure security helps to detect unauthorized port bindings of containers
ContainerPrivilegedPortTrafficCapture,HIS-2,The host device is deployed as an immutable infrastructure (e.g. read-only file system),Exploitability,0,An immutable host infrastructure does not prevent binding of privileged ports
ContainerPrivilegedPortTrafficCapture,HIS-2,The host device is deployed as an immutable infrastructure (e.g. read-only file system),Exposure,0,An immutable host infrastructure does not detect binding of privileged ports
ContainerPrivilegedPortTrafficCapture,HIS-3,The host device is monitored for unauthorized changes,Exploitability,2,Host infrastructure security helps to manage port bindings of containers and detect malicious activities
ContainerPrivilegedPortTrafficCapture,HIS-3,The host device is monitored for unauthorized changes,Exposure,2,Host infrastructure security helps to detect unauthorized port bindings of containers
ContainerPrivilegedPortTrafficCapture,IMG-1,App images are scanned for vulnerabilities,Exploitability,0,Container image security practices do not make binding privileged ports more difficult
ContainerPrivilegedPortTrafficCapture,IMG-1,App images are scanned for vulnerabilities,Exposure,1,Container image security practices help identifying containers that bind privileged ports and discovering why they do it
ContainerPrivilegedPortTrafficCapture,IMG-2,App uses minimal base images,Exploitability,0,Container image security practices do not make binding privileged ports more difficult
ContainerPrivilegedPortTrafficCapture,IMG-2,App uses minimal base images,Exposure,1,Container image security practices help identifying containers that bind privileged ports and discovering why they do it
ContainerPrivilegedPortTrafficCapture,IMG-3,App images are signed and verified,Exploitability,0,Container image security practices do not make binding privileged ports more difficult
ContainerPrivilegedPortTrafficCapture,IMG-3,App images are signed and verified,Exposure,1,Container image security practices help identifying containers that bind privileged ports and discovering why they do it
ContainerPrivilegedPortTrafficCapture,IMG-4,Dockerfiles of the app pin the base image version,Exploitability,0,Container image security practices do not make binding privileged ports more difficult
ContainerPrivilegedPortTrafficCapture,IMG-4,Dockerfiles of the app pin the base image version,Exposure,1,Container image security practices help identifying containers that bind privileged ports and discovering why they do it
ContainerPrivilegedPortTrafficCapture,IMG-5,App images are rebuilt and updated regularly,Exploitability,0,Container image security practices do not make binding privileged ports more difficult
ContainerPrivilegedPortTrafficCapture,IMG-5,App images are rebuilt and updated regularly,Exposure,1,Container image security practices help identifying containers that bind privileged ports and discovering why they do it
ContainerPrivilegedPortTrafficCapture,IMG-6,Device orchestration only uses trusted image registries,Exploitability,0,Container image security practices do not make binding privileged ports more difficult
ContainerPrivilegedPortTrafficCapture,IMG-6,Device orchestration only uses trusted image registries,Exposure,1,Container image security practices help identifying containers that bind privileged ports and discovering why they do it
ContainerPrivilegedPortTrafficCapture,MON-1,Container-level logging is enabled,Exploitability,0,Monitoring and detection controls do not make binding of privileged ports more difficult
ContainerPrivilegedPortTrafficCapture,MON-1,Container-level logging is enabled,Exposure,1,"Monitoring and detection controls do not prevent binding of privileged ports, but they help identifying malicious activities and the intention of container deployment"
ContainerPrivilegedPortTrafficCapture,MON-2,Processes on the host device are monitored for anomalous behavior,Exploitability,0,Monitoring and detection controls do not make binding of privileged ports more difficult
ContainerPrivilegedPortTrafficCapture,MON-2,Processes on the host device are monitored for anomalous behavior,Exposure,1,"Monitoring and detection controls do not prevent binding of privileged ports, but they help identifying malicious activities and the intention of container deployment"
ContainerPrivilegedPortTrafficCapture,MON-3,"Runtime security tools (e.g. Falco, Trivy) are used",Exploitability,0,Monitoring and detection controls do not make binding of privileged ports more difficult
ContainerPrivilegedPortTrafficCapture,MON-3,"Runtime security tools (e.g. Falco, Trivy) are used",Exposure,1,"Monitoring and detection controls do not prevent binding of privileged ports, but they help identifying malicious activities and the intention of container deployment"
ContainerPrivilegedPortTrafficCapture,MON-4,Incident response procedures are implemented,Exploitability,0,Monitoring and detection controls do not make binding of privileged ports more difficult
ContainerPrivilegedPortTrafficCapture,MON-4,Incident response procedures are implemented,Exposure,1,"Monitoring and detection controls do not prevent binding of privileged ports, but they help identifying malicious activities and the intention of container deployment"
ContainerPrivilegedPortTrafficCapture,MON-5,Logs are centralized and protected,Exploitability,0,Monitoring and detection controls do not make binding of privileged ports more difficult
ContainerPrivilegedPortTrafficCapture,MON-5,Logs are centralized and protected,Exposure,1,"Monitoring and detection controls do not prevent binding of privileged ports, but they help identifying malicious activities and the intention of container deployment"
ContainerPrivilegedPortTrafficCapture,MON-6,Decoy containers (honeypots) are deployed on the device to detect malicious activity,Exploitability,0,Monitoring and detection controls do not make binding of privileged ports more difficult
ContainerPrivilegedPortTrafficCapture,MON-6,Decoy containers (honeypots) are deployed on the device to detect malicious activity,Exposure,1,"Monitoring and detection controls do not prevent binding of privileged ports, but they help identifying malicious activities and the intention of container deployment"
ContainerPrivilegedPortTrafficCapture,MON-7,Container API calls and orchestration events are monitored for anomalies,Exploitability,0,Monitoring and detection controls do not make binding of privileged ports more difficult
ContainerPrivilegedPortTrafficCapture,MON-7,Container API calls and orchestration events are monitored for anomalies,Exposure,1,"Monitoring and detection controls do not prevent binding of privileged ports, but they help identifying malicious activities and the intention of container deployment"
ContainerPrivilegedPortTrafficCapture,MON-8,Alerts are triggered for unauthorized access attempts to container registries or APIs,Exploitability,0,Monitoring and detection controls do not make binding of privileged ports more difficult
ContainerPrivilegedPortTrafficCapture,MON-8,Alerts are triggered for unauthorized access attempts to container registries or APIs,Exposure,1,"Monitoring and detection controls do not prevent binding of privileged ports, but they help identifying malicious activities and the intention of container deployment"
ContainerPrivilegedPortTrafficCapture,NET-1,App container networks are segmented,Exploitability,0,Network security controls do not prevent or make port binding more difficult
ContainerPrivilegedPortTrafficCapture,NET-1,App container networks are segmented,Exposure,2,Container network security controls support the management and identification of services that bind privileged ports
ContainerPrivilegedPortTrafficCapture,NET-2,Host-level firewall rules and network policies are applied,Exploitability,0,Network security controls do not prevent or make port binding more difficult
ContainerPrivilegedPortTrafficCapture,NET-2,Host-level firewall rules and network policies are applied,Exposure,2,Container network security controls support the management and identification of services that bind privileged ports
ContainerPrivilegedPortTrafficCapture,NET-3,Inter-container communication is encrypted,Exploitability,0,Network security controls do not prevent or make port binding more difficult
ContainerPrivilegedPortTrafficCapture,NET-3,Inter-container communication is encrypted,Exposure,2,Container network security controls support the management and identification of services that bind privileged ports
ContainerPrivilegedPortTrafficCapture,NET-4,Ingress/egress controls for containers are implemented,Exploitability,0,Network security controls do not prevent or make port binding more difficult
ContainerPrivilegedPortTrafficCapture,NET-4,Ingress/egress controls for containers are implemented,Exposure,2,Container network security controls support the management and identification of services that bind privileged ports
ContainerPrivilegedPortTrafficCapture,RTS-1,App containers are run as non-root user,Exploitability,0,Runtime security controls do not make privileged port binding more difficult
ContainerPrivilegedPortTrafficCapture,RTS-1,App containers are run as non-root user,Exposure,0,Runtime security controls do not support the detection of privileged port binding
ContainerPrivilegedPortTrafficCapture,RTS-2,App containers use read-only file systems,Exploitability,0,Runtime security controls do not make privileged port binding more difficult
ContainerPrivilegedPortTrafficCapture,RTS-2,App containers use read-only file systems,Exposure,0,Runtime security controls do not support the detection of privileged port binding
ContainerPrivilegedPortTrafficCapture,RTS-3,App containers are deployed with minimal Linux capabilities,Exploitability,0,Runtime security controls do not make privileged port binding more difficult
ContainerPrivilegedPortTrafficCapture,RTS-3,App containers are deployed with minimal Linux capabilities,Exposure,0,Runtime security controls do not support the detection of privileged port binding
ContainerPrivilegedPortTrafficCapture,RTS-4,Seccomp is implemented on the device,Exploitability,0,Runtime security controls do not make privileged port binding more difficult
ContainerPrivilegedPortTrafficCapture,RTS-4,Seccomp is implemented on the device,Exposure,0,Runtime security controls do not support the detection of privileged port binding
ContainerPrivilegedPortTrafficCapture,RTS-5,AppArmor is implemented on the device,Exploitability,0,Runtime security controls do not make privileged port binding more difficult
ContainerPrivilegedPortTrafficCapture,RTS-5,AppArmor is implemented on the device,Exposure,0,Runtime security controls do not support the detection of privileged port binding
ContainerPrivilegedPortTrafficCapture,RTS-6,SELinux is implemented on the device,Exploitability,0,Runtime security controls do not make privileged port binding more difficult
ContainerPrivilegedPortTrafficCapture,RTS-6,SELinux is implemented on the device,Exposure,0,Runtime security controls do not support the detection of privileged port binding
ContainerPrivilegedPortTrafficCapture,RTS-7,App containers have minimal access to host resources,Exploitability,0,Runtime security controls do not make privileged port binding more difficult
ContainerPrivilegedPortTrafficCapture,RTS-7,App containers have minimal access to host resources,Exposure,0,Runtime security controls do not support the detection of privileged port binding
ContainerPrivilegedPortTrafficCapture,SCM-1,Secure secrets management tools (e.g. vaults or secrets manager) are used,Exploitability,0,Secrets management does not mitigate privileged port binding
ContainerPrivilegedPortTrafficCapture,SCM-1,Secure secrets management tools (e.g. vaults or secrets manager) are used,Exposure,0,Secrets management does not support the detection and exposure of privileged port binding
ContainerPrivilegedPortTrafficCapture,SCM-2,Apps do not contain any hardcoded secrets,Exploitability,0,Secrets management does not mitigate privileged port binding
ContainerPrivilegedPortTrafficCapture,SCM-2,Apps do not contain any hardcoded secrets,Exposure,0,Secrets management does not support the detection and exposure of privileged port binding
ContainerPrivilegedPortTrafficCapture,SCM-3,Secrets at rest and in transit are encrypted,Exploitability,0,Secrets management does not mitigate privileged port binding
ContainerPrivilegedPortTrafficCapture,SCM-3,Secrets at rest and in transit are encrypted,Exposure,0,Secrets management does not support the detection and exposure of privileged port binding
ContainerPrivilegedPortTrafficCapture,SCM-4,Automatic secret rotation and revocation policies are implemented,Exploitability,0,Secrets management does not mitigate privileged port binding
ContainerPrivilegedPortTrafficCapture,SCM-4,Automatic secret rotation and revocation policies are implemented,Exposure,0,Secrets management does not support the detection and exposure of privileged port binding
ContainerPtraceInjection,AUTH-1,Authentication for exposed container APIs is enforced,Exploitability,0,Authentication and access control measures do not counter the shellcode injection attack vector
ContainerPtraceInjection,AUTH-1,Authentication for exposed container APIs is enforced,Exposure,2,Authentication of container API's restricts access to the container in the pid namespace of the host
ContainerPtraceInjection,AUTH-2,Role-based access control is used for orchestration and container management,Exploitability,0,Authentication and access control measures do not counter the shellcode injection attack vector
ContainerPtraceInjection,AUTH-2,Role-based access control is used for orchestration and container management,Exposure,0,Access control for container management and orchestration do not increase the risk of getting caught for shellcode injection
ContainerPtraceInjection,AUTH-3,"Access to container management interfaces (e.g., Docker socket) is restricted",Exploitability,0,Authentication and access control measures do not counter the shellcode injection attack vector
ContainerPtraceInjection,AUTH-3,"Access to container management interfaces (e.g., Docker socket) is restricted",Exposure,0,Access control for container management and orchestration do not increase the risk of getting caught for shellcode injection
ContainerPtraceInjection,CIC-1,"The CI/CD pipeline for the app is secured (regarding code repositories, build environments, secrets, vulnerabilities, signing, auditing ...)",Exploitability,2,CI/CD and supply chain controls help ensuring the trustworthiness of container images and identifying malicious scripts for shellcode injection
ContainerPtraceInjection,CIC-1,"The CI/CD pipeline for the app is secured (regarding code repositories, build environments, secrets, vulnerabilities, signing, auditing ...)",Exposure,2,"CI/CD and supply chain controls help identifying malicious scripts (e.g., introduced through dependencies) for shellcode injection"
ContainerPtraceInjection,CIC-2,SBOMs are used for the app to track code dependencies,Exploitability,2,CI/CD and supply chain controls help ensuring the trustworthiness of container images and identifying malicious scripts for shellcode injection
ContainerPtraceInjection,CIC-2,SBOMs are used for the app to track code dependencies,Exposure,2,"CI/CD and supply chain controls help identifying malicious scripts (e.g., introduced through dependencies) for shellcode injection"
ContainerPtraceInjection,CIC-3,Code reviews and automated testing of the app are enforced,Exploitability,2,CI/CD and supply chain controls help ensuring the trustworthiness of container images and identifying malicious scripts for shellcode injection
ContainerPtraceInjection,CIC-3,Code reviews and automated testing of the app are enforced,Exposure,2,"CI/CD and supply chain controls help identifying malicious scripts (e.g., introduced through dependencies) for shellcode injection"
ContainerPtraceInjection,CIC-4,Third-party components used by the app are validated,Exploitability,2,CI/CD and supply chain controls help ensuring the trustworthiness of container images and identifying malicious scripts for shellcode injection
ContainerPtraceInjection,CIC-4,Third-party components used by the app are validated,Exposure,2,"CI/CD and supply chain controls help identifying malicious scripts (e.g., introduced through dependencies) for shellcode injection"
ContainerPtraceInjection,CIC-5,The CI/CD pipeline for the app enables reproducible builds,Exploitability,2,CI/CD and supply chain controls help ensuring the trustworthiness of container images and identifying malicious scripts for shellcode injection
ContainerPtraceInjection,CIC-5,The CI/CD pipeline for the app enables reproducible builds,Exposure,2,"CI/CD and supply chain controls help identifying malicious scripts (e.g., introduced through dependencies) for shellcode injection"
ContainerPtraceInjection,CIC-6,Apps for development and production are not deployed in the same environment,Exploitability,2,CI/CD and supply chain controls help ensuring the trustworthiness of container images and identifying malicious scripts for shellcode injection
ContainerPtraceInjection,CIC-6,Apps for development and production are not deployed in the same environment,Exposure,2,"CI/CD and supply chain controls help identifying malicious scripts (e.g., introduced through dependencies) for shellcode injection"
ContainerPtraceInjection,CRM-1,Regular risk assessments of apps and host devices are performed,Exploitability,1,Compliance and risk management practices help to assess the risks of container escape threatened by shellcode injection
ContainerPtraceInjection,CRM-1,Regular risk assessments of apps and host devices are performed,Exposure,1,Compliance and risk management practices help to evaluate the assets that are exposed to the container which threatens shellcode injection
ContainerPtraceInjection,CRM-2,The operation's asset inventory is maintained,Exploitability,1,Compliance and risk management practices help to assess the risks of container escape threatened by shellcode injection
ContainerPtraceInjection,CRM-2,The operation's asset inventory is maintained,Exposure,1,Compliance and risk management practices help to evaluate the assets that are exposed to the container which threatens shellcode injection
ContainerPtraceInjection,CRM-3,Container security policies along the app lifecycle are documented and enforced,Exploitability,1,Compliance and risk management practices help to assess the risks of container escape threatened by shellcode injection
ContainerPtraceInjection,CRM-3,Container security policies along the app lifecycle are documented and enforced,Exposure,1,Compliance and risk management practices help to evaluate the assets that are exposed to the container which threatens shellcode injection
ContainerPtraceInjection,CRM-4,Periodic audits and reviews of apps and host devices are conducted,Exploitability,1,Compliance and risk management practices help to assess the risks of container escape threatened by shellcode injection
ContainerPtraceInjection,CRM-4,Periodic audits and reviews of apps and host devices are conducted,Exposure,1,Compliance and risk management practices help to evaluate the assets that are exposed to the container which threatens shellcode injection
ContainerPtraceInjection,HIS-1,The container runtime on the host device is up to date,Exploitability,0,Host infrastructure security does not increase the difficulty of shellcode injection
ContainerPtraceInjection,HIS-1,The container runtime on the host device is up to date,Exposure,0,Host infrastructure security does not reduce the attackers access necessary for shellcode injection
ContainerPtraceInjection,HIS-2,The host device is deployed as an immutable infrastructure (e.g. read-only file system),Exploitability,0,Host infrastructure security does not increase the difficulty of shellcode injection
ContainerPtraceInjection,HIS-2,The host device is deployed as an immutable infrastructure (e.g. read-only file system),Exposure,0,Host infrastructure security does not reduce the attackers access necessary for shellcode injection
ContainerPtraceInjection,HIS-3,The host device is monitored for unauthorized changes,Exploitability,0,Host infrastructure security does not increase the difficulty of shellcode injection
ContainerPtraceInjection,HIS-3,The host device is monitored for unauthorized changes,Exposure,3,Monitoring of processes on the host device greatly increases the chances of detecting a shellcode injection attack
ContainerPtraceInjection,IMG-1,App images are scanned for vulnerabilities,Exploitability,2,Container image security practices reduce the software footprint and make the shellcode injection more difficult
ContainerPtraceInjection,IMG-1,App images are scanned for vulnerabilities,Exposure,0,Container image security practices do not restrict the attack surface required for shellcode injection or help to detect attempted attacks
ContainerPtraceInjection,IMG-2,App uses minimal base images,Exploitability,2,Container image security practices reduce the software footprint and make the shellcode injection more difficult
ContainerPtraceInjection,IMG-2,App uses minimal base images,Exposure,0,Container image security practices do not restrict the attack surface required for shellcode injection or help to detect attempted attacks
ContainerPtraceInjection,IMG-3,App images are signed and verified,Exploitability,2,Container image security practices reduce the software footprint and make the shellcode injection more difficult
ContainerPtraceInjection,IMG-3,App images are signed and verified,Exposure,0,Container image security practices do not restrict the attack surface required for shellcode injection or help to detect attempted attacks
ContainerPtraceInjection,IMG-4,Dockerfiles of the app pin the base image version,Exploitability,2,Container image security practices reduce the software footprint and make the shellcode injection more difficult
ContainerPtraceInjection,IMG-4,Dockerfiles of the app pin the base image version,Exposure,0,Container image security practices do not restrict the attack surface required for shellcode injection or help to detect attempted attacks
ContainerPtraceInjection,IMG-5,App images are rebuilt and updated regularly,Exploitability,2,Container image security practices reduce the software footprint and make the shellcode injection more difficult
ContainerPtraceInjection,IMG-5,App images are rebuilt and updated regularly,Exposure,0,Container image security practices do not restrict the attack surface required for shellcode injection or help to detect attempted attacks
ContainerPtraceInjection,IMG-6,Device orchestration only uses trusted image registries,Exploitability,2,Container image security practices reduce the software footprint and make the shellcode injection more difficult
ContainerPtraceInjection,IMG-6,Device orchestration only uses trusted image registries,Exposure,0,Container image security practices do not restrict the attack surface required for shellcode injection or help to detect attempted attacks
ContainerPtraceInjection,MON-1,Container-level logging is enabled,Exploitability,0,Monitoring and detection does not make the shellcode injection attack more difficult
ContainerPtraceInjection,MON-1,Container-level logging is enabled,Exposure,3,"Monitoring and detection controls are necessary to detect suspicious behaviour, syscalls, and actions required for shellcode injection"
ContainerPtraceInjection,MON-2,Processes on the host device are monitored for anomalous behavior,Exploitability,0,Monitoring and detection does not make the shellcode injection attack more difficult
ContainerPtraceInjection,MON-2,Processes on the host device are monitored for anomalous behavior,Exposure,3,"Monitoring and detection controls are necessary to detect suspicious behaviour, syscalls, and actions required for shellcode injection"
ContainerPtraceInjection,MON-3,"Runtime security tools (e.g. Falco, Trivy) are used",Exploitability,0,Monitoring and detection does not make the shellcode injection attack more difficult
ContainerPtraceInjection,MON-3,"Runtime security tools (e.g. Falco, Trivy) are used",Exposure,3,"Monitoring and detection controls are necessary to detect suspicious behaviour, syscalls, and actions required for shellcode injection"
ContainerPtraceInjection,MON-4,Incident response procedures are implemented,Exploitability,0,Monitoring and detection does not make the shellcode injection attack more difficult
ContainerPtraceInjection,MON-4,Incident response procedures are implemented,Exposure,3,"Monitoring and detection controls are necessary to detect suspicious behaviour, syscalls, and actions required for shellcode injection"
ContainerPtraceInjection,MON-5,Logs are centralized and protected,Exploitability,0,Monitoring and detection does not make the shellcode injection attack more difficult
ContainerPtraceInjection,MON-5,Logs are centralized and protected,Exposure,3,"Monitoring and detection controls are necessary to detect suspicious behaviour, syscalls, and actions required for shellcode injection"
ContainerPtraceInjection,MON-6,Decoy containers (honeypots) are deployed on the device to detect malicious activity,Exploitability,0,Monitoring and detection does not make the shellcode injection attack more difficult
ContainerPtraceInjection,MON-6,Decoy containers (honeypots) are deployed on the device to detect malicious activity,Exposure,3,"Monitoring and detection controls are necessary to detect suspicious behaviour, syscalls, and actions required for shellcode injection"
ContainerPtraceInjection,MON-7,Container API calls and orchestration events are monitored for anomalies,Exploitability,0,Monitoring and detection does not make the shellcode injection attack more difficult
ContainerPtraceInjection,MON-7,Container API calls and orchestration events are monitored for anomalies,Exposure,3,"Monitoring and detection controls are necessary to detect suspicious behaviour, syscalls, and actions required for shellcode injection"
ContainerPtraceInjection,MON-8,Alerts are triggered for unauthorized access attempts to container registries or APIs,Exploitability,0,Monitoring and detection does not make the shellcode injection attack more difficult
ContainerPtraceInjection,MON-8,Alerts are triggered for unauthorized access attempts to container registries or APIs,Exposure,3,"Monitoring and detection controls are necessary to detect suspicious behaviour, syscalls, and actions required for shellcode injection"
ContainerPtraceInjection,NET-1,App container networks are segmented,Exploitability,0,Network security controls do not make the shellcode injection attack in the privileged container more difficult
ContainerPtraceInjection,NET-1,App container networks are segmented,Exposure,2,Network security controls limit access to the privileged container in the pid namespace of the host
ContainerPtraceInjection,NET-2,Host-level firewall rules and network policies are applied,Exploitability,0,Network security controls do not make the shellcode injection attack in the privileged container more difficult
ContainerPtraceInjection,NET-2,Host-level firewall rules and network policies are applied,Exposure,2,Network security controls limit access to the privileged container in the pid namespace of the host
ContainerPtraceInjection,NET-3,Inter-container communication is encrypted,Exploitability,0,Network security controls do not make the shellcode injection attack in the privileged container more difficult
ContainerPtraceInjection,NET-3,Inter-container communication is encrypted,Exposure,2,Network security controls limit access to the privileged container in the pid namespace of the host
ContainerPtraceInjection,NET-4,Ingress/egress controls for containers are implemented,Exploitability,0,Network security controls do not make the shellcode injection attack in the privileged container more difficult
ContainerPtraceInjection,NET-4,Ingress/egress controls for containers are implemented,Exposure,2,Network security controls limit access to the privileged container in the pid namespace of the host
ContainerPtraceInjection,RTS-1,App containers are run as non-root user,Exploitability,3,High effect - significantly reduces attack success by limiting process privileges and access to system resources
ContainerPtraceInjection,RTS-1,App containers are run as non-root user,Exposure,0,Runtime security controls do not reduce the attackers access to the process namespace of the host or make the attack more likely to be detected
ContainerPtraceInjection,RTS-2,App containers use read-only file systems,Exploitability,2,Medium effect - provides moderate protection against shellcode injection by preventing file system modifications
ContainerPtraceInjection,RTS-2,App containers use read-only file systems,Exposure,0,Runtime security controls do not reduce the attackers access to the process namespace of the host or make the attack more likely to be detected
ContainerPtraceInjection,RTS-3,App containers are deployed with minimal Linux capabilities,Exploitability,1,Low effect - provides basic protection by removing unnecessary Linux capabilities
ContainerPtraceInjection,RTS-3,App containers are deployed with minimal Linux capabilities,Exposure,0,Runtime security controls do not reduce the attackers access to the process namespace of the host or make the attack more likely to be detected
ContainerPtraceInjection,RTS-4,Seccomp is implemented on the device,Exploitability,3,A tailored Seccomp profile can effectively mitigate the shellcode injection attack vector
ContainerPtraceInjection,RTS-4,Seccomp is implemented on the device,Exposure,0,Runtime security controls do not reduce the attackers access to the process namespace of the host or make the attack more likely to be detected
ContainerPtraceInjection,RTS-5,AppArmor is implemented on the device,Exploitability,0,Access control policies do not prevent the shellcode injection attack
ContainerPtraceInjection,RTS-5,AppArmor is implemented on the device,Exposure,0,Runtime security controls do not reduce the attackers access to the process namespace of the host or make the attack more likely to be detected
ContainerPtraceInjection,RTS-6,SELinux is implemented on the device,Exploitability,0,Access control policies do not prevent the shellcode injection attack
ContainerPtraceInjection,RTS-6,SELinux is implemented on the device,Exposure,0,Runtime security controls do not reduce the attackers access to the process namespace of the host or make the attack more likely to be detected
ContainerPtraceInjection,RTS-7,App containers have minimal access to host resources,Exploitability,0,"Reduced access to host resources (e.g., volumes, devices) does not make the shellcode more difficult"
ContainerPtraceInjection,RTS-7,App containers have minimal access to host resources,Exposure,0,Runtime security controls do not reduce the attackers access to the process namespace of the host or make the attack more likely to be detected
ContainerPtraceInjection,SCM-1,Secure secrets management tools (e.g. vaults or secrets manager) are used,Exploitability,0,Secrets management controls do not make the shellcode injection attack more difficult
ContainerPtraceInjection,SCM-1,Secure secrets management tools (e.g. vaults or secrets manager) are used,Exposure,0,Secrets management controls do not protect assets that are necessary for shellcode injection
ContainerPtraceInjection,SCM-2,Apps do not contain any hardcoded secrets,Exploitability,0,Secrets management controls do not make the shellcode injection attack more difficult
ContainerPtraceInjection,SCM-2,Apps do not contain any hardcoded secrets,Exposure,0,Secrets management controls do not protect assets that are necessary for shellcode injection
ContainerPtraceInjection,SCM-3,Secrets at rest and in transit are encrypted,Exploitability,0,Secrets management controls do not make the shellcode injection attack more difficult
ContainerPtraceInjection,SCM-3,Secrets at rest and in transit are encrypted,Exposure,0,Secrets management controls do not protect assets that are necessary for shellcode injection
ContainerPtraceInjection,SCM-4,Automatic secret rotation and revocation policies are implemented,Exploitability,0,Secrets management controls do not make the shellcode injection attack more difficult
ContainerPtraceInjection,SCM-4,Automatic secret rotation and revocation policies are implemented,Exposure,0,Secrets management controls do not protect assets that are necessary for shellcode injection
ContainerPtraceProcessDiscovery,AUTH-1,Authentication for exposed container APIs is enforced,Exploitability,0,Authentication and access controls do not make process discovery more difficult
ContainerPtraceProcessDiscovery,AUTH-1,Authentication for exposed container APIs is enforced,Exposure,2,Authentication and access controls prevent unauthorized access to the container in the pid namespace of the host
ContainerPtraceProcessDiscovery,AUTH-2,Role-based access control is used for orchestration and container management,Exploitability,0,Authentication and access controls do not make process discovery more difficult
ContainerPtraceProcessDiscovery,AUTH-2,Role-based access control is used for orchestration and container management,Exposure,2,Authentication and access controls prevent unauthorized access to the container in the pid namespace of the host
ContainerPtraceProcessDiscovery,AUTH-3,"Access to container management interfaces (e.g., Docker socket) is restricted",Exploitability,0,Authentication and access controls do not make process discovery more difficult
ContainerPtraceProcessDiscovery,AUTH-3,"Access to container management interfaces (e.g., Docker socket) is restricted",Exposure,2,Authentication and access controls prevent unauthorized access to the container in the pid namespace of the host
ContainerPtraceProcessDiscovery,CIC-1,"The CI/CD pipeline for the app is secured (regarding code repositories, build environments, secrets, vulnerabilities, signing, auditing ...)",Exploitability,0,CI/CD and supply chain controls do not make process discovery more difficult
ContainerPtraceProcessDiscovery,CIC-1,"The CI/CD pipeline for the app is secured (regarding code repositories, build environments, secrets, vulnerabilities, signing, auditing ...)",Exposure,2,"CI/CD and supply chain controls increase trustworthiness of the privileged application, which reduces the likelihood of malicious activity"
ContainerPtraceProcessDiscovery,CIC-2,SBOMs are used for the app to track code dependencies,Exploitability,0,CI/CD and supply chain controls do not make process discovery more difficult
ContainerPtraceProcessDiscovery,CIC-2,SBOMs are used for the app to track code dependencies,Exposure,2,"CI/CD and supply chain controls increase trustworthiness of the privileged application, which reduces the likelihood of malicious activity"
ContainerPtraceProcessDiscovery,CIC-3,Code reviews and automated testing of the app are enforced,Exploitability,0,CI/CD and supply chain controls do not make process discovery more difficult
ContainerPtraceProcessDiscovery,CIC-3,Code reviews and automated testing of the app are enforced,Exposure,2,"CI/CD and supply chain controls increase trustworthiness of the privileged application, which reduces the likelihood of malicious activity"
ContainerPtraceProcessDiscovery,CIC-4,Third-party components used by the app are validated,Exploitability,0,CI/CD and supply chain controls do not make process discovery more difficult
ContainerPtraceProcessDiscovery,CIC-4,Third-party components used by the app are validated,Exposure,2,"CI/CD and supply chain controls increase trustworthiness of the privileged application, which reduces the likelihood of malicious activity"
ContainerPtraceProcessDiscovery,CIC-5,The CI/CD pipeline for the app enables reproducible builds,Exploitability,0,CI/CD and supply chain controls do not make process discovery more difficult
ContainerPtraceProcessDiscovery,CIC-5,The CI/CD pipeline for the app enables reproducible builds,Exposure,2,"CI/CD and supply chain controls increase trustworthiness of the privileged application, which reduces the likelihood of malicious activity"
ContainerPtraceProcessDiscovery,CIC-6,Apps for development and production are not deployed in the same environment,Exploitability,0,CI/CD and supply chain controls do not make process discovery more difficult
ContainerPtraceProcessDiscovery,CIC-6,Apps for development and production are not deployed in the same environment,Exposure,2,"CI/CD and supply chain controls increase trustworthiness of the privileged application, which reduces the likelihood of malicious activity"
ContainerPtraceProcessDiscovery,CRM-1,Regular risk assessments of apps and host devices are performed,Exploitability,0,Compliance and risk management does not make process discovery more difficult
ContainerPtraceProcessDiscovery,CRM-1,Regular risk assessments of apps and host devices are performed,Exposure,2,Compliance and risk management practices help to assess which processes a privileged container can trace in its environment
ContainerPtraceProcessDiscovery,CRM-2,The operation's asset inventory is maintained,Exploitability,0,Compliance and risk management does not make process discovery more difficult
ContainerPtraceProcessDiscovery,CRM-2,The operation's asset inventory is maintained,Exposure,2,Compliance and risk management practices help to assess which processes a privileged container can trace in its environment
ContainerPtraceProcessDiscovery,CRM-3,Container security policies along the app lifecycle are documented and enforced,Exploitability,0,Compliance and risk management does not make process discovery more difficult
ContainerPtraceProcessDiscovery,CRM-3,Container security policies along the app lifecycle are documented and enforced,Exposure,2,Compliance and risk management practices help to assess which processes a privileged container can trace in its environment
ContainerPtraceProcessDiscovery,CRM-4,Periodic audits and reviews of apps and host devices are conducted,Exploitability,0,Compliance and risk management does not make process discovery more difficult
ContainerPtraceProcessDiscovery,CRM-4,Periodic audits and reviews of apps and host devices are conducted,Exposure,2,Compliance and risk management practices help to assess which processes a privileged container can trace in its environment
ContainerPtraceProcessDiscovery,HIS-1,The container runtime on the host device is up to date,Exploitability,0,Host infrastructure security does not make process discovery more difficult
ContainerPtraceProcessDiscovery,HIS-1,The container runtime on the host device is up to date,Exposure,0,Host infrastructure security does not support in identifying unauthorized process discovery
ContainerPtraceProcessDiscovery,HIS-2,The host device is deployed as an immutable infrastructure (e.g. read-only file system),Exploitability,0,Host infrastructure security does not make process discovery more difficult
ContainerPtraceProcessDiscovery,HIS-2,The host device is deployed as an immutable infrastructure (e.g. read-only file system),Exposure,0,Host infrastructure security does not support in identifying unauthorized process discovery
ContainerPtraceProcessDiscovery,HIS-3,The host device is monitored for unauthorized changes,Exploitability,0,Host infrastructure security does not make process discovery more difficult
ContainerPtraceProcessDiscovery,HIS-3,The host device is monitored for unauthorized changes,Exposure,1,Monitoring which processes are traced by the container helps identifying malicious activities
ContainerPtraceProcessDiscovery,IMG-1,App images are scanned for vulnerabilities,Exploitability,0,Container image security practices do not increase the difficulty of discovering host processes
ContainerPtraceProcessDiscovery,IMG-1,App images are scanned for vulnerabilities,Exposure,0,Container image security practices do not increase the risk of getting caught or reduce the attack surface of the container
ContainerPtraceProcessDiscovery,IMG-2,App uses minimal base images,Exploitability,0,Container image security practices do not increase the difficulty of discovering host processes
ContainerPtraceProcessDiscovery,IMG-2,App uses minimal base images,Exposure,0,Container image security practices do not increase the risk of getting caught or reduce the attack surface of the container
ContainerPtraceProcessDiscovery,IMG-3,App images are signed and verified,Exploitability,0,Container image security practices do not increase the difficulty of discovering host processes
ContainerPtraceProcessDiscovery,IMG-3,App images are signed and verified,Exposure,0,Container image security practices do not increase the risk of getting caught or reduce the attack surface of the container
ContainerPtraceProcessDiscovery,IMG-4,Dockerfiles of the app pin the base image version,Exploitability,0,Container image security practices do not increase the difficulty of discovering host processes
ContainerPtraceProcessDiscovery,IMG-4,Dockerfiles of the app pin the base image version,Exposure,0,Container image security practices do not increase the risk of getting caught or reduce the attack surface of the container
ContainerPtraceProcessDiscovery,IMG-5,App images are rebuilt and updated regularly,Exploitability,0,Container image security practices do not increase the difficulty of discovering host processes
ContainerPtraceProcessDiscovery,IMG-5,App images are rebuilt and updated regularly,Exposure,0,Container image security practices do not increase the risk of getting caught or reduce the attack surface of the container
ContainerPtraceProcessDiscovery,IMG-6,Device orchestration only uses trusted image registries,Exploitability,0,Container image security practices do not increase the difficulty of discovering host processes
ContainerPtraceProcessDiscovery,IMG-6,Device orchestration only uses trusted image registries,Exposure,0,Container image security practices do not increase the risk of getting caught or reduce the attack surface of the container
ContainerPtraceProcessDiscovery,MON-1,Container-level logging is enabled,Exploitability,0,Monitoring and detection controls do not make process discovery more difficult
ContainerPtraceProcessDiscovery,MON-1,Container-level logging is enabled,Exposure,1,"As monitoring is the desired functionality of these containers, identifying extensive/malicious activities is possible, but difficult"
ContainerPtraceProcessDiscovery,MON-2,Processes on the host device are monitored for anomalous behavior,Exploitability,0,Monitoring and detection controls do not make process discovery more difficult
ContainerPtraceProcessDiscovery,MON-2,Processes on the host device are monitored for anomalous behavior,Exposure,1,"As monitoring is the desired functionality of these containers, identifying extensive/malicious activities is possible, but difficult"
ContainerPtraceProcessDiscovery,MON-3,"Runtime security tools (e.g. Falco, Trivy) are used",Exploitability,0,Monitoring and detection controls do not make process discovery more difficult
ContainerPtraceProcessDiscovery,MON-3,"Runtime security tools (e.g. Falco, Trivy) are used",Exposure,1,"As monitoring is the desired functionality of these containers, identifying extensive/malicious activities is possible, but difficult"
ContainerPtraceProcessDiscovery,MON-4,Incident response procedures are implemented,Exploitability,0,Monitoring and detection controls do not make process discovery more difficult
ContainerPtraceProcessDiscovery,MON-4,Incident response procedures are implemented,Exposure,1,"As monitoring is the desired functionality of these containers, identifying extensive/malicious activities is possible, but difficult"
ContainerPtraceProcessDiscovery,MON-5,Logs are centralized and protected,Exploitability,0,Monitoring and detection controls do not make process discovery more difficult
ContainerPtraceProcessDiscovery,MON-5,Logs are centralized and protected,Exposure,1,"As monitoring is the desired functionality of these containers, identifying extensive/malicious activities is possible, but difficult"
ContainerPtraceProcessDiscovery,MON-6,Decoy containers (honeypots) are deployed on the device to detect malicious activity,Exploitability,0,Monitoring and detection controls do not make process discovery more difficult
ContainerPtraceProcessDiscovery,MON-6,Decoy containers (honeypots) are deployed on the device to detect malicious activity,Exposure,1,"As monitoring is the desired functionality of these containers, identifying extensive/malicious activities is possible, but difficult"
ContainerPtraceProcessDiscovery,MON-7,Container API calls and orchestration events are monitored for anomalies,Exploitability,0,Monitoring and detection controls do not make process discovery more difficult
ContainerPtraceProcessDiscovery,MON-7,Container API calls and orchestration events are monitored for anomalies,Exposure,1,"As monitoring is the desired functionality of these containers, identifying extensive/malicious activities is possible, but difficult"
ContainerPtraceProcessDiscovery,MON-8,Alerts are triggered for unauthorized access attempts to container registries or APIs,Exploitability,0,Monitoring and detection controls do not make process discovery more difficult
ContainerPtraceProcessDiscovery,MON-8,Alerts are triggered for unauthorized access attempts to container registries or APIs,Exposure,1,"As monitoring is the desired functionality of these containers, identifying extensive/malicious activities is possible, but difficult"
ContainerPtraceProcessDiscovery,NET-1,App container networks are segmented,Exploitability,0,Network security controls do not increase the efforts for tracing processes from the privileged container
ContainerPtraceProcessDiscovery,NET-1,App container networks are segmented,Exposure,2,Network security controls limit access to the container which has access to the pid namespace of the host
ContainerPtraceProcessDiscovery,NET-2,Host-level firewall rules and network policies are applied,Exploitability,0,Network security controls do not increase the efforts for tracing processes from the privileged container
ContainerPtraceProcessDiscovery,NET-2,Host-level firewall rules and network policies are applied,Exposure,2,Network security controls limit access to the container which has access to the pid namespace of the host
ContainerPtraceProcessDiscovery,NET-3,Inter-container communication is encrypted,Exploitability,0,Network security controls do not increase the efforts for tracing processes from the privileged container
ContainerPtraceProcessDiscovery,NET-3,Inter-container communication is encrypted,Exposure,2,Network security controls limit access to the container which has access to the pid namespace of the host
ContainerPtraceProcessDiscovery,NET-4,Ingress/egress controls for containers are implemented,Exploitability,0,Network security controls do not increase the efforts for tracing processes from the privileged container
ContainerPtraceProcessDiscovery,NET-4,Ingress/egress controls for containers are implemented,Exposure,2,Network security controls limit access to the container which has access to the pid namespace of the host
ContainerPtraceProcessDiscovery,RTS-1,App containers are run as non-root user,Exploitability,0,Runtime security controls do not increase the difficulty of discovering host processes
ContainerPtraceProcessDiscovery,RTS-1,App containers are run as non-root user,Exposure,0,Runtime security controls do not increase the risk of getting caught for running the ptrace syscall
ContainerPtraceProcessDiscovery,RTS-2,App containers use read-only file systems,Exploitability,0,Runtime security controls do not increase the difficulty of discovering host processes
ContainerPtraceProcessDiscovery,RTS-2,App containers use read-only file systems,Exposure,0,Runtime security controls do not increase the risk of getting caught for running the ptrace syscall
ContainerPtraceProcessDiscovery,RTS-3,App containers are deployed with minimal Linux capabilities,Exploitability,0,Runtime security controls do not increase the difficulty of discovering host processes
ContainerPtraceProcessDiscovery,RTS-3,App containers are deployed with minimal Linux capabilities,Exposure,0,Runtime security controls do not increase the risk of getting caught for running the ptrace syscall
ContainerPtraceProcessDiscovery,RTS-4,Seccomp is implemented on the device,Exploitability,0,Runtime security controls do not increase the difficulty of discovering host processes
ContainerPtraceProcessDiscovery,RTS-4,Seccomp is implemented on the device,Exposure,0,Runtime security controls do not increase the risk of getting caught for running the ptrace syscall
ContainerPtraceProcessDiscovery,RTS-5,AppArmor is implemented on the device,Exploitability,0,Runtime security controls do not increase the difficulty of discovering host processes
ContainerPtraceProcessDiscovery,RTS-5,AppArmor is implemented on the device,Exposure,0,Runtime security controls do not increase the risk of getting caught for running the ptrace syscall
ContainerPtraceProcessDiscovery,RTS-6,SELinux is implemented on the device,Exploitability,0,Runtime security controls do not increase the difficulty of discovering host processes
ContainerPtraceProcessDiscovery,RTS-6,SELinux is implemented on the device,Exposure,0,Runtime security controls do not increase the risk of getting caught for running the ptrace syscall
ContainerPtraceProcessDiscovery,RTS-7,App containers have minimal access to host resources,Exploitability,0,Runtime security controls do not increase the difficulty of discovering host processes
ContainerPtraceProcessDiscovery,RTS-7,App containers have minimal access to host resources,Exposure,0,Runtime security controls do not increase the risk of getting caught for running the ptrace syscall
ContainerPtraceProcessDiscovery,SCM-1,Secure secrets management tools (e.g. vaults or secrets manager) are used,Exploitability,0,Secrets management controls do not have an effect on process discovery
ContainerPtraceProcessDiscovery,SCM-1,Secure secrets management tools (e.g. vaults or secrets manager) are used,Exposure,0,Secrets management controls do not reduce the attacker's access to the container in the pid namespace of the host
ContainerPtraceProcessDiscovery,SCM-2,Apps do not contain any hardcoded secrets,Exploitability,0,Secrets management controls do not have an effect on process discovery
ContainerPtraceProcessDiscovery,SCM-2,Apps do not contain any hardcoded secrets,Exposure,0,Secrets management controls do not reduce the attacker's access to the container in the pid namespace of the host
ContainerPtraceProcessDiscovery,SCM-3,Secrets at rest and in transit are encrypted,Exploitability,0,Secrets management controls do not have an effect on process discovery
ContainerPtraceProcessDiscovery,SCM-3,Secrets at rest and in transit are encrypted,Exposure,0,Secrets management controls do not reduce the attacker's access to the container in the pid namespace of the host
ContainerPtraceProcessDiscovery,SCM-4,Automatic secret rotation and revocation policies are implemented,Exploitability,0,Secrets management controls do not have an effect on process discovery
ContainerPtraceProcessDiscovery,SCM-4,Automatic secret rotation and revocation policies are implemented,Exposure,0,Secrets management controls do not reduce the attacker's access to the container in the pid namespace of the host
ContainerSystemAdminEscape,AUTH-1,Authentication for exposed container APIs is enforced,Exploitability,0,Authentication and access controls do not increase the difficulty of attacks enabled by SYS_ADMIN
ContainerSystemAdminEscape,AUTH-1,Authentication for exposed container APIs is enforced,Exposure,2,Authentication and access controls prevent unauthorized access to highly-privileged container with the SYS_ADMIN capability
ContainerSystemAdminEscape,AUTH-2,Role-based access control is used for orchestration and container management,Exploitability,0,Authentication and access controls do not increase the difficulty of attacks enabled by SYS_ADMIN
ContainerSystemAdminEscape,AUTH-2,Role-based access control is used for orchestration and container management,Exposure,2,Authentication and access controls prevent unauthorized access to highly-privileged container with the SYS_ADMIN capability
ContainerSystemAdminEscape,AUTH-3,"Access to container management interfaces (e.g., Docker socket) is restricted",Exploitability,0,Authentication and access controls do not increase the difficulty of attacks enabled by SYS_ADMIN
ContainerSystemAdminEscape,AUTH-3,"Access to container management interfaces (e.g., Docker socket) is restricted",Exposure,2,Authentication and access controls prevent unauthorized access to highly-privileged container with the SYS_ADMIN capability
ContainerSystemAdminEscape,CIC-1,"The CI/CD pipeline for the app is secured (regarding code repositories, build environments, secrets, vulnerabilities, signing, auditing ...)",Exploitability,1,"CI/CD and supply chain controls are useful to evaluate the trustwortiness of highly-privileged containers with the SYS_ADMIN capability, but provide limited measures to make attacks more difficult"
ContainerSystemAdminEscape,CIC-1,"The CI/CD pipeline for the app is secured (regarding code repositories, build environments, secrets, vulnerabilities, signing, auditing ...)",Exposure,1,"CI/CD and supply chain controls are useful to evaluate the trustwortiness of highly-privileged containers with the SYS_ADMIN capability, but provide limited measures to identify the intent to escape the container"
ContainerSystemAdminEscape,CIC-2,SBOMs are used for the app to track code dependencies,Exploitability,1,"CI/CD and supply chain controls are useful to evaluate the trustwortiness of highly-privileged containers with the SYS_ADMIN capability, but provide limited measures to make attacks more difficult"
ContainerSystemAdminEscape,CIC-2,SBOMs are used for the app to track code dependencies,Exposure,1,"CI/CD and supply chain controls are useful to evaluate the trustwortiness of highly-privileged containers with the SYS_ADMIN capability, but provide limited measures to identify the intent to escape the container"
ContainerSystemAdminEscape,CIC-3,Code reviews and automated testing of the app are enforced,Exploitability,1,"CI/CD and supply chain controls are useful to evaluate the trustwortiness of highly-privileged containers with the SYS_ADMIN capability, but provide limited measures to make attacks more difficult"
ContainerSystemAdminEscape,CIC-3,Code reviews and automated testing of the app are enforced,Exposure,1,"CI/CD and supply chain controls are useful to evaluate the trustwortiness of highly-privileged containers with the SYS_ADMIN capability, but provide limited measures to identify the intent to escape the container"
ContainerSystemAdminEscape,CIC-4,Third-party components used by the app are validated,Exploitability,1,"CI/CD and supply chain controls are useful to evaluate the trustwortiness of highly-privileged containers with the SYS_ADMIN capability, but provide limited measures to make attacks more difficult"
ContainerSystemAdminEscape,CIC-4,Third-party components used by the app are validated,Exposure,1,"CI/CD and supply chain controls are useful to evaluate the trustwortiness of highly-privileged containers with the SYS_ADMIN capability, but provide limited measures to identify the intent to escape the container"
ContainerSystemAdminEscape,CIC-5,The CI/CD pipeline for the app enables reproducible builds,Exploitability,1,"CI/CD and supply chain controls are useful to evaluate the trustwortiness of highly-privileged containers with the SYS_ADMIN capability, but provide limited measures to make attacks more difficult"
ContainerSystemAdminEscape,CIC-5,The CI/CD pipeline for the app enables reproducible builds,Exposure,1,"CI/CD and supply chain controls are useful to evaluate the trustwortiness of highly-privileged containers with the SYS_ADMIN capability, but provide limited measures to identify the intent to escape the container"
ContainerSystemAdminEscape,CIC-6,Apps for development and production are not deployed in the same environment,Exploitability,1,"CI/CD and supply chain controls are useful to evaluate the trustwortiness of highly-privileged containers with the SYS_ADMIN capability, but provide limited measures to make attacks more difficult"
ContainerSystemAdminEscape,CIC-6,Apps for development and production are not deployed in the same environment,Exposure,1,"CI/CD and supply chain controls are useful to evaluate the trustwortiness of highly-privileged containers with the SYS_ADMIN capability, but provide limited measures to identify the intent to escape the container"
ContainerSystemAdminEscape,CRM-1,Regular risk assessments of apps and host devices are performed,Exploitability,2,Compliance and risk management practices are necessary to assess the capabilities and boundaries of a container with the SYS_ADMIN capability
ContainerSystemAdminEscape,CRM-1,Regular risk assessments of apps and host devices are performed,Exposure,2,Compliance and risk management practices are necessary to assess the attack surface of a highly-privileged container with the SYS_ADMIN capability and identify detection measures
ContainerSystemAdminEscape,CRM-2,The operation's asset inventory is maintained,Exploitability,2,Compliance and risk management practices are necessary to assess the capabilities and boundaries of a container with the SYS_ADMIN capability
ContainerSystemAdminEscape,CRM-2,The operation's asset inventory is maintained,Exposure,2,Compliance and risk management practices are necessary to assess the attack surface of a highly-privileged container with the SYS_ADMIN capability and identify detection measures
ContainerSystemAdminEscape,CRM-3,Container security policies along the app lifecycle are documented and enforced,Exploitability,2,Compliance and risk management practices are necessary to assess the capabilities and boundaries of a container with the SYS_ADMIN capability
ContainerSystemAdminEscape,CRM-3,Container security policies along the app lifecycle are documented and enforced,Exposure,2,Compliance and risk management practices are necessary to assess the attack surface of a highly-privileged container with the SYS_ADMIN capability and identify detection measures
ContainerSystemAdminEscape,CRM-4,Periodic audits and reviews of apps and host devices are conducted,Exploitability,2,Compliance and risk management practices are necessary to assess the capabilities and boundaries of a container with the SYS_ADMIN capability
ContainerSystemAdminEscape,CRM-4,Periodic audits and reviews of apps and host devices are conducted,Exposure,2,Compliance and risk management practices are necessary to assess the attack surface of a highly-privileged container with the SYS_ADMIN capability and identify detection measures
ContainerSystemAdminEscape,HIS-1,The container runtime on the host device is up to date,Exploitability,2,Host infrastructure security makes attacks exploiting the SYS_ADMIN capability more difficult
ContainerSystemAdminEscape,HIS-1,The container runtime on the host device is up to date,Exposure,0,Host infrastructure security does not reduce the attack surface of a container with the SYS_ADMIN capability
ContainerSystemAdminEscape,HIS-2,The host device is deployed as an immutable infrastructure (e.g. read-only file system),Exploitability,2,Host infrastructure security makes attacks exploiting the SYS_ADMIN capability more difficult
ContainerSystemAdminEscape,HIS-2,The host device is deployed as an immutable infrastructure (e.g. read-only file system),Exposure,0,Host infrastructure security does not reduce the attack surface of a container with the SYS_ADMIN capability
ContainerSystemAdminEscape,HIS-3,The host device is monitored for unauthorized changes,Exploitability,2,Host infrastructure security makes attacks exploiting the SYS_ADMIN capability more difficult
ContainerSystemAdminEscape,HIS-3,The host device is monitored for unauthorized changes,Exposure,2,Monitoring on the host device supports the detection of container escapes based on the SYS_ADMIN privilege
ContainerSystemAdminEscape,IMG-1,App images are scanned for vulnerabilities,Exploitability,3,Container image security practices greatly reduce the capabilities of a highly privileged container with the SYS_ADMIN capability
ContainerSystemAdminEscape,IMG-1,App images are scanned for vulnerabilities,Exposure,3,Container image security practices reduce the software footprint and likelihood of exploitable vulnerabilities for highly privileged containers with the SYS_ADMIN capability
ContainerSystemAdminEscape,IMG-2,App uses minimal base images,Exploitability,3,Container image security practices greatly reduce the capabilities of a highly privileged container with the SYS_ADMIN capability
ContainerSystemAdminEscape,IMG-2,App uses minimal base images,Exposure,3,Container image security practices reduce the software footprint and likelihood of exploitable vulnerabilities for highly privileged containers with the SYS_ADMIN capability
ContainerSystemAdminEscape,IMG-3,App images are signed and verified,Exploitability,3,Container image security practices greatly reduce the capabilities of a highly privileged container with the SYS_ADMIN capability
ContainerSystemAdminEscape,IMG-3,App images are signed and verified,Exposure,3,Container image security practices reduce the software footprint and likelihood of exploitable vulnerabilities for highly privileged containers with the SYS_ADMIN capability
ContainerSystemAdminEscape,IMG-4,Dockerfiles of the app pin the base image version,Exploitability,3,Container image security practices greatly reduce the capabilities of a highly privileged container with the SYS_ADMIN capability
ContainerSystemAdminEscape,IMG-4,Dockerfiles of the app pin the base image version,Exposure,3,Container image security practices reduce the software footprint and likelihood of exploitable vulnerabilities for highly privileged containers with the SYS_ADMIN capability
ContainerSystemAdminEscape,IMG-5,App images are rebuilt and updated regularly,Exploitability,3,Container image security practices greatly reduce the capabilities of a highly privileged container with the SYS_ADMIN capability
ContainerSystemAdminEscape,IMG-5,App images are rebuilt and updated regularly,Exposure,3,Container image security practices reduce the software footprint and likelihood of exploitable vulnerabilities for highly privileged containers with the SYS_ADMIN capability
ContainerSystemAdminEscape,IMG-6,Device orchestration only uses trusted image registries,Exploitability,3,Container image security practices greatly reduce the capabilities of a highly privileged container with the SYS_ADMIN capability
ContainerSystemAdminEscape,IMG-6,Device orchestration only uses trusted image registries,Exposure,3,Container image security practices reduce the software footprint and likelihood of exploitable vulnerabilities for highly privileged containers with the SYS_ADMIN capability
ContainerSystemAdminEscape,MON-1,Container-level logging is enabled,Exploitability,0,Monitoring and detection controls do not make container escapes enabled by SYS_ADMIN more difficult
ContainerSystemAdminEscape,MON-1,Container-level logging is enabled,Exposure,3,Monitoring and detection controls are crucial to detect container escapes enabled by the SYS_ADMIN capability
ContainerSystemAdminEscape,MON-2,Processes on the host device are monitored for anomalous behavior,Exploitability,0,Monitoring and detection controls do not make container escapes enabled by SYS_ADMIN more difficult
ContainerSystemAdminEscape,MON-2,Processes on the host device are monitored for anomalous behavior,Exposure,3,Monitoring and detection controls are crucial to detect container escapes enabled by the SYS_ADMIN capability
ContainerSystemAdminEscape,MON-3,"Runtime security tools (e.g. Falco, Trivy) are used",Exploitability,0,Monitoring and detection controls do not make container escapes enabled by SYS_ADMIN more difficult
ContainerSystemAdminEscape,MON-3,"Runtime security tools (e.g. Falco, Trivy) are used",Exposure,3,Monitoring and detection controls are crucial to detect container escapes enabled by the SYS_ADMIN capability
ContainerSystemAdminEscape,MON-4,Incident response procedures are implemented,Exploitability,0,Monitoring and detection controls do not make container escapes enabled by SYS_ADMIN more difficult
ContainerSystemAdminEscape,MON-4,Incident response procedures are implemented,Exposure,3,Monitoring and detection controls are crucial to detect container escapes enabled by the SYS_ADMIN capability
ContainerSystemAdminEscape,MON-5,Logs are centralized and protected,Exploitability,0,Monitoring and detection controls do not make container escapes enabled by SYS_ADMIN more difficult
ContainerSystemAdminEscape,MON-5,Logs are centralized and protected,Exposure,3,Monitoring and detection controls are crucial to detect container escapes enabled by the SYS_ADMIN capability
ContainerSystemAdminEscape,MON-6,Decoy containers (honeypots) are deployed on the device to detect malicious activity,Exploitability,0,Monitoring and detection controls do not make container escapes enabled by SYS_ADMIN more difficult
ContainerSystemAdminEscape,MON-6,Decoy containers (honeypots) are deployed on the device to detect malicious activity,Exposure,3,Monitoring and detection controls are crucial to detect container escapes enabled by the SYS_ADMIN capability
ContainerSystemAdminEscape,MON-7,Container API calls and orchestration events are monitored for anomalies,Exploitability,0,Monitoring and detection controls do not make container escapes enabled by SYS_ADMIN more difficult
ContainerSystemAdminEscape,MON-7,Container API calls and orchestration events are monitored for anomalies,Exposure,3,Monitoring and detection controls are crucial to detect container escapes enabled by the SYS_ADMIN capability
ContainerSystemAdminEscape,MON-8,Alerts are triggered for unauthorized access attempts to container registries or APIs,Exploitability,0,Monitoring and detection controls do not make container escapes enabled by SYS_ADMIN more difficult
ContainerSystemAdminEscape,MON-8,Alerts are triggered for unauthorized access attempts to container registries or APIs,Exposure,3,Monitoring and detection controls are crucial to detect container escapes enabled by the SYS_ADMIN capability
ContainerSystemAdminEscape,NET-1,App container networks are segmented,Exploitability,2,"Network security controls limit the capabilities of a highly-privileged container with SYS_ADMIN, e.g. which components in the environment to affect"
ContainerSystemAdminEscape,NET-1,App container networks are segmented,Exposure,3,Network security controls are highly important to isolate privileged containers with the SYS_ADMIN capability
ContainerSystemAdminEscape,NET-2,Host-level firewall rules and network policies are applied,Exploitability,2,"Network security controls limit the capabilities of a highly-privileged container with SYS_ADMIN, e.g. which components in the environment to affect"
ContainerSystemAdminEscape,NET-2,Host-level firewall rules and network policies are applied,Exposure,3,Network security controls are highly important to isolate privileged containers with the SYS_ADMIN capability
ContainerSystemAdminEscape,NET-3,Inter-container communication is encrypted,Exploitability,2,"Network security controls limit the capabilities of a highly-privileged container with SYS_ADMIN, e.g. which components in the environment to affect"
ContainerSystemAdminEscape,NET-3,Inter-container communication is encrypted,Exposure,3,Network security controls are highly important to isolate privileged containers with the SYS_ADMIN capability
ContainerSystemAdminEscape,NET-4,Ingress/egress controls for containers are implemented,Exploitability,2,"Network security controls limit the capabilities of a highly-privileged container with SYS_ADMIN, e.g. which components in the environment to affect"
ContainerSystemAdminEscape,NET-4,Ingress/egress controls for containers are implemented,Exposure,3,Network security controls are highly important to isolate privileged containers with the SYS_ADMIN capability
ContainerSystemAdminEscape,RTS-1,App containers are run as non-root user,Exploitability,3,"Runtime security controls limit container privileges and restrict access to host resources, which is an approach to restrict containers with the SYS_ADMIN capability"
ContainerSystemAdminEscape,RTS-1,App containers are run as non-root user,Exposure,0,Runtime security controls do not affect the attack surface or detection rate of a container with SYS_ADMIN
ContainerSystemAdminEscape,RTS-2,App containers use read-only file systems,Exploitability,3,"Runtime security controls limit container privileges and restrict access to host resources, which is an approach to restrict containers with the SYS_ADMIN capability"
ContainerSystemAdminEscape,RTS-2,App containers use read-only file systems,Exposure,0,Runtime security controls do not affect the attack surface or detection rate of a container with SYS_ADMIN
ContainerSystemAdminEscape,RTS-3,App containers are deployed with minimal Linux capabilities,Exploitability,3,"Runtime security controls limit container privileges and restrict access to host resources, which is an approach to restrict containers with the SYS_ADMIN capability"
ContainerSystemAdminEscape,RTS-3,App containers are deployed with minimal Linux capabilities,Exposure,0,Runtime security controls do not affect the attack surface or detection rate of a container with SYS_ADMIN
ContainerSystemAdminEscape,RTS-4,Seccomp is implemented on the device,Exploitability,3,"Runtime security controls limit container privileges and restrict access to host resources, which is an approach to restrict containers with the SYS_ADMIN capability"
ContainerSystemAdminEscape,RTS-4,Seccomp is implemented on the device,Exposure,0,Runtime security controls do not affect the attack surface or detection rate of a container with SYS_ADMIN
ContainerSystemAdminEscape,RTS-5,AppArmor is implemented on the device,Exploitability,3,"Runtime security controls limit container privileges and restrict access to host resources, which is an approach to restrict containers with the SYS_ADMIN capability"
ContainerSystemAdminEscape,RTS-5,AppArmor is implemented on the device,Exposure,0,Runtime security controls do not affect the attack surface or detection rate of a container with SYS_ADMIN
ContainerSystemAdminEscape,RTS-6,SELinux is implemented on the device,Exploitability,3,"Runtime security controls limit container privileges and restrict access to host resources, which is an approach to restrict containers with the SYS_ADMIN capability"
ContainerSystemAdminEscape,RTS-6,SELinux is implemented on the device,Exposure,0,Runtime security controls do not affect the attack surface or detection rate of a container with SYS_ADMIN
ContainerSystemAdminEscape,RTS-7,App containers have minimal access to host resources,Exploitability,3,"Runtime security controls limit container privileges and restrict access to host resources, which is an approach to restrict containers with the SYS_ADMIN capability"
ContainerSystemAdminEscape,RTS-7,App containers have minimal access to host resources,Exposure,0,Runtime security controls do not affect the attack surface or detection rate of a container with SYS_ADMIN
ContainerSystemAdminEscape,SCM-1,Secure secrets management tools (e.g. vaults or secrets manager) are used,Exploitability,1,Secrets and config management can limit the capabilities of a highly-privileged container with the SYS_ADMIN capability
ContainerSystemAdminEscape,SCM-1,Secure secrets management tools (e.g. vaults or secrets manager) are used,Exposure,0,Secrets management does not reduce the attack surface or support detection of containers with the SYS_ADMIN capability
ContainerSystemAdminEscape,SCM-2,Apps do not contain any hardcoded secrets,Exploitability,1,Secrets and config management can limit the capabilities of a highly-privileged container with the SYS_ADMIN capability
ContainerSystemAdminEscape,SCM-2,Apps do not contain any hardcoded secrets,Exposure,0,Secrets management does not reduce the attack surface or support detection of containers with the SYS_ADMIN capability
ContainerSystemAdminEscape,SCM-3,Secrets at rest and in transit are encrypted,Exploitability,1,Secrets and config management can limit the capabilities of a highly-privileged container with the SYS_ADMIN capability
ContainerSystemAdminEscape,SCM-3,Secrets at rest and in transit are encrypted,Exposure,0,Secrets management does not reduce the attack surface or support detection of containers with the SYS_ADMIN capability
ContainerSystemAdminEscape,SCM-4,Automatic secret rotation and revocation policies are implemented,Exploitability,1,Secrets and config management can limit the capabilities of a highly-privileged container with the SYS_ADMIN capability
ContainerSystemAdminEscape,SCM-4,Automatic secret rotation and revocation policies are implemented,Exposure,0,Secrets management does not reduce the attack surface or support detection of containers with the SYS_ADMIN capability
